Title,Ratings,Price,Priceorg
"LG 29 inch Ultrawide Full HD IPS Gaming, Multitasking Monitor with 1ms Response Rate, 75Hz Refresh Rate - USB C, Display Port, HDMI, VGA - 10 W Inbuilt Speaker - 29UM69G",4.4 out of 5 stars,"16,499",https://www.amazon.com/LG-29UM69G-Ultrawide-Monitor-SPEAKERS/dp/B0793KVRH4/ref=sr_1_1?dchild=1&keywords=ultrawide+monitors&qid=1621343404&sr=8-1
"LG UltraWide 29 (73 cm) WFHD (2560 x 1080) IPS Display - HDR 10, Radeon FreeSync, Color Calibrated sRGB 99%, Inbuilt Speaker (7W x 2), HDMI x 2, Display Port, Audio Out - 29WN600- White",4.2 out of 5 stars,"18,499",https://www.amazon.com/LG-UltraWide-WFHD-2560-Display/dp/B08J5QZX93/ref=sr_1_2?dchild=1&keywords=ultrawide+monitors&qid=1621343404&sr=8-2
"LG UltraWide 29 Inch WFHD (2560 x 1080) IPS Display - HDR 10, AMD Free sync, Inbuilt 5W Speaker, sRGB 99%, Multi Tasking Monitor - 29WL50S",4.5 out of 5 stars,"16,999",https://www.amazon.com/LG-UltraWide-Inch-WFHD-Display/dp/B08CF1ZK84/ref=sr_1_3?dchild=1&keywords=ultrawide+monitors&qid=1621343404&sr=8-3
"LG UltraWide 34 Inch WFHD (2560 x 1080) IPS Display - HDR 10, AMD Free sync, sRGB 99%, Multitasking and Gaming Monitor - 34WL500",4.3 out of 5 stars,"29,500",https://www.amazon.com/LG-UltraWide-Inch-WFHD-Display/dp/B08CF4LZT1/ref=sr_1_4?dchild=1&keywords=ultrawide+monitors&qid=1621343404&sr=8-4
"LG UltraWide 29 Inch WFHD (2560 x 1080) IPS Display - HDR 10, Radeon FreeSync, sRGB 99%, Slim Bezel, Multitasking Monitor - 29WL500 (Black)_29WL500-B",4.1 out of 5 stars,"16,499",https://www.amazon.com/LG-UltraWide-Inch-WFHD-Display/dp/B08J61FFT4/ref=sr_1_5?dchild=1&keywords=ultrawide+monitors&qid=1621343404&sr=8-5
LG 25UM58 25-inch Ultra-Wide LED Monitor (Black),4.2 out of 5 stars,"14,989",https://www.amazon.com/LG-inch-63-5-Ultrawide-Monitor/dp/B01MG52X3Y/ref=sr_1_6?dchild=1&keywords=ultrawide+monitors&qid=1621343404&sr=8-6
"LG Ultragear 86.6 cm (34-inch) G-Sync Compatible Curved Ultrawide, 1ms, 144Hz, HDR 10, IPS Gaming Monitor with Height Adjust Stand, HDMI x 2, Display Port - 34GL750-B (Black)",4.4 out of 5 stars,"51,990",https://www.amazon.com/LG-Ultragear-34-inch-Compatible-Ultrawide/dp/B07R5R9VR9/ref=sr_1_7?dchild=1&keywords=ultrawide+monitors&qid=1621343404&sr=8-7
"Acer 27-inch 165 Hz 0.7 MS FHD Gaming Monitor with TN Panel 400 NITS ZeroFrame, 1 x DVI Dual Link Up, 1 x HDMI, 1 x Display Port, 2W x 2 Speakers - KG271P (Black)",4.4 out of 5 stars,"13,999",https://www.amazon.com/Acer-27-inch-Monitor-ZeroFrame-Speakers/dp/B089TNN849/ref=sr_1_8?dchild=1&keywords=ultrawide+monitors&qid=1621343404&sr=8-8
Dorca Best Protective Monitor Dust Cover for LG 29 Inch Ultrawide IPS Monitor 29UM69G,4.4 out of 5 stars,349,https://www.amazon.com/Dorca-Protective-Monitor-Ultrawide-29UM69G/dp/B07SHM9XMJ/ref=sr_1_9?dchild=1&keywords=ultrawide+monitors&qid=1621343404&sr=8-9
"GIGABYTE AORUS CV27F 27"" 165Hz 1080P 1500R FreeSync Gaming Monitor, Exclusive Built-in ANC, 1920x1080 Display, 1 ms Response Time, HDR, 90% DCI-P3",4.4 out of 5 stars,"25,500",https://www.amazon.com/GIGABYTE-FreeSync-Exclusive-1920x1080-Response/dp/B07Z2S4MMM/ref=sr_1_10?dchild=1&keywords=ultrawide+monitors&qid=1621343404&sr=8-10
"Acer ED242QR 23.6” Full HD VA Panel Curved LED Monitor I 4 MS 75Hz Refresh Rate I 250 Nits I HDMI, VGA Ports I Eye Care Features (White Color)",4.2 out of 5 stars,"9,499",https://www.amazon.com/Acer-ED242QR-23-6-Curved-Monitor/dp/B07ZQPV77D/ref=sr_1_11?dchild=1&keywords=ultrawide+monitors&qid=1621343404&sr=8-11
"BenQ 27 inch (68.6 cm) Edge to Edge Slim Bezel LED Backlit Computer Monitor - Full HD, IPS Panel with VGA, HDMI, Display, Audio in Ports and in-Built Speakers - GW2780 (Black)",4.4 out of 5 stars,"14,250",https://www.amazon.com/BenQ-inch-Bezel-Monitor-Built/dp/B073NTCT4R/ref=sr_1_12?dchild=1&keywords=ultrawide+monitors&qid=1621343404&sr=8-12
"Lenovo L-Series 23.8"" FHD IPS Near Edgeless Monitor/VGA + HDMI/TUV Eye Comfort - L24i-10 (Black) + Lenovo 300 FHD Webcam/1080P 2.1 Megapixel/Full Stereo Dual mics/Ultra-Wide 95° Lens/4X Digital Zoom",4.5 out of 5 stars,"14,374",https://www.amazon.com/Lenovo-23-8-Edgeless-Monitor-Comfort/dp/B08YLHVBDF/ref=sr_1_13?dchild=1&keywords=ultrawide+monitors&qid=1621343404&sr=8-13
"Dorca Best Protective Monitor Dust Cover for LG 34"" G-Sync Compatible 144Hz 1ms (MBR) HDR 10 Curved Ultrawide IPS Gaming Monitor - Black",4.2 out of 5 stars,399,https://www.amazon.com/Dorca-Protective-Monitor-Compatible-Ultrawide/dp/B0867BKM2K/ref=sr_1_14?dchild=1&keywords=ultrawide+monitors&qid=1621343404&sr=8-14
Dorca Best Protective Monitor Dust Cover for LG 25 inch 25UM58 21:9 Ultrawide Gaming Monitor,4.0 out of 5 stars,319,https://www.amazon.com/Dorca-Protective-Monitor-Cover-25UM58/dp/B07SLS51CS/ref=sr_1_15?dchild=1&keywords=ultrawide+monitors&qid=1621343404&sr=8-15
"Acer 31.5 inch (80 cm) 4K UHD LED Backlit Computer Monitor - 3840x2160, 300 Nits, 16:9, 4MS, 10M:1, 2 X HDMI, DP Port, 2W, 2 Speakers - ET322QK",3.9 out of 5 stars,"27,657",https://www.amazon.com/Acer-31-5-inch-80-01-Monitor/dp/B0788GQM7C/ref=sr_1_16?dchild=1&keywords=ultrawide+monitors&qid=1621343404&sr=8-16
"LG 29 inch Ultrawide Full HD IPS Gaming, Multitasking Monitor with 1ms Response Rate, 75Hz Refresh Rate - USB C, Display Port, HDMI, VGA - 10 W Inbuilt Speaker - 29UM69G",4.4 out of 5 stars,"16,499",https://www.amazon.com/LG-29UM69G-Ultrawide-Monitor-SPEAKERS/dp/B0793KVRH4/ref=sr_1_1?dchild=1&keywords=ultrawide+monitors&qid=1621343410&sr=8-1
"LG UltraWide 29 (73 cm) WFHD (2560 x 1080) IPS Display - HDR 10, Radeon FreeSync, Color Calibrated sRGB 99%, Inbuilt Speaker (7W x 2), HDMI x 2, Display Port, Audio Out - 29WN600- White",4.2 out of 5 stars,"18,499",https://www.amazon.com/LG-UltraWide-WFHD-2560-Display/dp/B08J5QZX93/ref=sr_1_2?dchild=1&keywords=ultrawide+monitors&qid=1621343410&sr=8-2
"LG UltraWide 34 Inch WFHD (2560 x 1080) IPS Display - HDR 10, AMD Free sync, sRGB 99%, Multitasking and Gaming Monitor - 34WL500",4.3 out of 5 stars,"29,500",https://www.amazon.com/LG-UltraWide-Inch-WFHD-Display/dp/B08CF4LZT1/ref=sr_1_3?dchild=1&keywords=ultrawide+monitors&qid=1621343410&sr=8-3
"LG UltraWide 29 Inch WFHD (2560 x 1080) IPS Display - HDR 10, AMD Free sync, Inbuilt 5W Speaker, sRGB 99%, Multi Tasking Monitor - 29WL50S",4.5 out of 5 stars,"16,999",https://www.amazon.com/LG-UltraWide-Inch-WFHD-Display/dp/B08CF1ZK84/ref=sr_1_4?dchild=1&keywords=ultrawide+monitors&qid=1621343410&sr=8-4
"LG UltraWide 29 Inch WFHD (2560 x 1080) IPS Display - HDR 10, Radeon FreeSync, sRGB 99%, Slim Bezel, Multitasking Monitor - 29WL500 (Black)_29WL500-B",4.1 out of 5 stars,"16,499",https://www.amazon.com/LG-UltraWide-Inch-WFHD-Display/dp/B08J61FFT4/ref=sr_1_5?dchild=1&keywords=ultrawide+monitors&qid=1621343410&sr=8-5
LG 25UM58 25-inch Ultra-Wide LED Monitor (Black),4.2 out of 5 stars,"14,989",https://www.amazon.com/LG-inch-63-5-Ultrawide-Monitor/dp/B01MG52X3Y/ref=sr_1_6?dchild=1&keywords=ultrawide+monitors&qid=1621343410&sr=8-6
"LG Ultragear 86.6 cm (34-inch) G-Sync Compatible Curved Ultrawide, 1ms, 144Hz, HDR 10, IPS Gaming Monitor with Height Adjust Stand, HDMI x 2, Display Port - 34GL750-B (Black)",4.4 out of 5 stars,"51,990",https://www.amazon.com/LG-Ultragear-34-inch-Compatible-Ultrawide/dp/B07R5R9VR9/ref=sr_1_7?dchild=1&keywords=ultrawide+monitors&qid=1621343410&sr=8-7
Dorca Best Protective Monitor Dust Cover for LG 29 Inch Ultrawide IPS Monitor 29UM69G,4.4 out of 5 stars,349,https://www.amazon.com/Dorca-Protective-Monitor-Ultrawide-29UM69G/dp/B07SHM9XMJ/ref=sr_1_8?dchild=1&keywords=ultrawide+monitors&qid=1621343410&sr=8-8
"GIGABYTE AORUS CV27F 27"" 165Hz 1080P 1500R FreeSync Gaming Monitor, Exclusive Built-in ANC, 1920x1080 Display, 1 ms Response Time, HDR, 90% DCI-P3",4.4 out of 5 stars,"25,500",https://www.amazon.com/GIGABYTE-FreeSync-Exclusive-1920x1080-Response/dp/B07Z2S4MMM/ref=sr_1_9?dchild=1&keywords=ultrawide+monitors&qid=1621343410&sr=8-9
"Acer 31.5 inch (80 cm) 4K UHD LED Backlit Computer Monitor - 3840x2160, 300 Nits, 16:9, 4MS, 10M:1, 2 X HDMI, DP Port, 2W, 2 Speakers - ET322QK",3.9 out of 5 stars,"27,657",https://www.amazon.com/Acer-31-5-inch-80-01-Monitor/dp/B0788GQM7C/ref=sr_1_10?dchild=1&keywords=ultrawide+monitors&qid=1621343410&sr=8-10
"Acer 27-inch 165 Hz 0.7 MS FHD Gaming Monitor with TN Panel 400 NITS ZeroFrame, 1 x DVI Dual Link Up, 1 x HDMI, 1 x Display Port, 2W x 2 Speakers - KG271P (Black)",4.4 out of 5 stars,"13,999",https://www.amazon.com/Acer-27-inch-Monitor-ZeroFrame-Speakers/dp/B089TNN849/ref=sr_1_11?dchild=1&keywords=ultrawide+monitors&qid=1621343410&sr=8-11
"LG QHD (2560 x 1440) 32 Inch IPS Display 3 Side Borderless - HDR 10, sRGB 99%, AMD Free sync - Dual HDMI, Display Port - 32QN600",4.3 out of 5 stars,"23,999",https://www.amazon.com/LG-2560-1440-Display-Borderless/dp/B08CF59SKW/ref=sr_1_12?dchild=1&keywords=ultrawide+monitors&qid=1621343410&sr=8-12
Dorca Best Protective Monitor Dust Cover for LG 25 inch 25UM58 21:9 Ultrawide Gaming Monitor,4.0 out of 5 stars,319,https://www.amazon.com/Dorca-Protective-Monitor-Cover-25UM58/dp/B07SLS51CS/ref=sr_1_13?dchild=1&keywords=ultrawide+monitors&qid=1621343410&sr=8-13
"Dorca Best Protective Monitor Dust Cover for LG 34"" G-Sync Compatible 144Hz 1ms (MBR) HDR 10 Curved Ultrawide IPS Gaming Monitor - Black",4.2 out of 5 stars,399,https://www.amazon.com/Dorca-Protective-Monitor-Compatible-Ultrawide/dp/B0867BKM2K/ref=sr_1_14?dchild=1&keywords=ultrawide+monitors&qid=1621343410&sr=8-14
"Acer ED242QR 23.6” Full HD VA Panel Curved LED Monitor I 4 MS 75Hz Refresh Rate I 250 Nits I HDMI, VGA Ports I Eye Care Features (White Color)",4.2 out of 5 stars,"9,499",https://www.amazon.com/Acer-ED242QR-23-6-Curved-Monitor/dp/B07ZQPV77D/ref=sr_1_15?dchild=1&keywords=ultrawide+monitors&qid=1621343410&sr=8-15
"BenQ 27 inch (68.6 cm) Edge to Edge Slim Bezel LED Backlit Computer Monitor - Full HD, IPS Panel with VGA, HDMI, Display, Audio in Ports and in-Built Speakers - GW2780 (Black)",4.4 out of 5 stars,"14,250",https://www.amazon.com/BenQ-inch-Bezel-Monitor-Built/dp/B073NTCT4R/ref=sr_1_16?dchild=1&keywords=ultrawide+monitors&qid=1621343410&sr=8-16
LG 34WL500-B 34 Inch 21:9 UltraWide™ 1080p Full HD IPS Monitor with HDR,4.3 out of 5 stars,"28,900",https://www.amazon.com/LG-34WL500-B-34-Inch-UltraWideTM/dp/B084D48S86/ref=sr_1_17?dchild=1&keywords=ultrawide+monitors&qid=1621343412&sr=8-17
DELL 21.5 inch SE2219HX Ultra Thin Bezel LED Backlit Computer Monitor (Black),2.5 out of 5 stars,"9,500",https://www.amazon.com/SE2219HX-Ultra-Backlit-Computer-Monitor/dp/B08RX8PYR6/ref=sr_1_18?dchild=1&keywords=ultrawide+monitors&qid=1621343412&sr=8-18
Samsung C34H890WJN - 34 Inch (3440 x 1440) WQHD UltraWide Professional LED Curved Monitor,5.0 out of 5 stars, ,https://www.amazon.com/Samsung-C34H890WJN-UltraWide-Professional-Monitor/dp/B071X9DW37/ref=sr_1_19?dchild=1&keywords=ultrawide+monitors&qid=1621343412&sr=8-19
LG 29-inch (73.66 cm) 21:9 Ultrawide Monitor - 29UM59 (Black),4.1 out of 5 stars, ,https://www.amazon.com/LG-21-Ultrawide-29-inch-Monitor/dp/B072HN6CW1/ref=sr_1_20?dchild=1&keywords=ultrawide+monitors&qid=1621343412&sr=8-20
"Asus VZ229H 21.5-inch LED Backlit Computer Monitor,HDMI VGA",4.3 out of 5 stars,"9,999",https://www.amazon.com/Asus-VZ229H-21-5-inch-Monitor-HDMI/dp/B01MFI30IO/ref=sr_1_21?dchild=1&keywords=ultrawide+monitors&qid=1621343412&sr=8-21
"Acer 31.5 inch 2560 x 1440 WQHD IPS Panel Monitor - Eye Care Features, Blue Light Filter, Flickerless - EB321HQU (Black)",4.3 out of 5 stars,"16,999",https://www.amazon.com/Acer-EB321HQU-32Inch-2560x1440-Monitor/dp/B077BSWLTL/ref=sr_1_22?dchild=1&keywords=ultrawide+monitors&qid=1621343412&sr=8-22
"Lenovo 31.5"" QHD NearEdgeless Monitor,IPS, 75Hz, 250 Nits, 4ms, AMD FreeSync, TUV Eye Care-D32q-20 +Lenovo 300 FHD Webcam/1080P 2.1 Megapixel/Full Stereo Dual mics/Ultrawide 95° Lens/4X Digital Zoom",,"22,504",https://www.amazon.com/Lenovo-NearEdgeless-Care-D32q-20-Megapixel-Ultrawide/dp/B08YM7P75Q/ref=sr_1_23?dchild=1&keywords=ultrawide+monitors&qid=1621343412&sr=8-23
"HP 23.8-inch Ultra-Slim LED IPS Monitor -16:9 FHD, Micro-Edge, Vesa Mount, Built-in Speakers, 75 Hz Refresh Rate, HDMI, Display Port 1.2 and VGA Ports - HP 24mh Display with Audio - 7XM23AA (Silver)",3.9 out of 5 stars,"12,499",https://www.amazon.com/HP-23-8-inch-Ultra-Slim-Monitor-Built/dp/B08B6BYCNB/ref=sr_1_24?dchild=1&keywords=ultrawide+monitors&qid=1621343412&sr=8-24
"AOC C24V1H/WS 23.6"" Curved LCD Monitor with LED Backlights with VGA Port, HDMI Port",4.3 out of 5 stars,"10,369",https://www.amazon.com/AOC-C24V1H-WS-Curved-Monitor/dp/B07RTXRSHN/ref=sr_1_25?dchild=1&keywords=ultrawide+monitors&qid=1621343412&sr=8-25
"Lenovo L24e-20, 23.8"" Near Edgeless Monitor/LED Backlit/VA/AMD FreeSync/HDMI+VGA/TUV Eye Care + Lenovo 300 FHD Webcam/1080P 2.1 Megapixel/Full Stereo Dual mics/Ultra-Wide 95° Lens/4X Digital Zoom",4.4 out of 5 stars,"12,754",https://www.amazon.com/Lenovo-Edgeless-FreeSync-Megapixel-Ultra-Wide/dp/B08YM92ZXJ/ref=sr_1_26?dchild=1&keywords=ultrawide+monitors&qid=1621343412&sr=8-26
"(Renewed) LG UltraWide 29 Inch WFHD (2560 x 1080) IPS Display - HDR 10, Radeon FreeSync, Color Calibrated sRGB 99%, Inbuilt Speaker (7W x 2), HDMI x 2, Display Port, Audio Out - 29WN600",4.2 out of 5 stars,"15,200",https://www.amazon.com/Renewed-LG-UltraWide-Inch-Display/dp/B08MLCYQNT/ref=sr_1_27?dchild=1&keywords=ultrawide+monitors&qid=1621343412&sr=8-27
"Lenovo 27"" FHD IPS, Near Edgeless Monitor, 75Hz, Anti Glare, 4ms, VGA, HDMI, AMD FreeSync, TUV Eye Care - L27i-28 + Lenovo 300 FHD Webcam/1080P 2.1 Megapixel/Full Stereo Dual mics/Ultra-Wide 95° Lens",,"18,559",https://www.amazon.com/Lenovo-Edgeless-Monitor-Glare-FreeSync/dp/B08YLXC5TY/ref=sr_1_28?dchild=1&keywords=ultrawide+monitors&qid=1621343412&sr=8-28
"BenQ 28-inch UHD 4K HDR,1ms Response Time Console Gaming Monitor with Free Sync, Brightness Intelligence Plus, HDMI, DP, Built-in Speakers - EL2870U (Black)",4.4 out of 5 stars,"22,490",https://www.amazon.com/BenQ-EL2870U-Response-Brightness-Intelligence/dp/B079HV1TDC/ref=sr_1_29?dchild=1&keywords=ultrawide+monitors&qid=1621343412&sr=8-29
"Lenovo D24-20 23.8"" Work+Play Near Edgeless Monitor 1920x1080 FHD VA Panel 178° Angle,LEDbacklit,75Hz 4ms Response, AMD FreeSync, 1HDMI, 1VGA Port, AudioOut, VESA Mount, TÜV Rheinland Low Blue Light",4.3 out of 5 stars,"9,999",https://www.amazon.com/Lenovo-Edgeless-1920x1080-LEDbacklit-Rheinland/dp/B08GPZDT6K/ref=sr_1_30?dchild=1&keywords=ultrawide+monitors&qid=1621343412&sr=8-30
"LG 27 inch 4K-UHD (3840 x 2160) HDR 10 Monitor (Gaming & Design) with IPS Panel, HDMI x 2, Display Port, AMD Freesync  - 27UL500 (Silver Stand with White Body)",4.4 out of 5 stars,"27,999",https://www.amazon.com/LG-4K-UHD-Monitor-Display-Freesync/dp/B07PGL2WVS/ref=sr_1_31?dchild=1&keywords=ultrawide+monitors&qid=1621343412&sr=8-31
"Lenovo L-Series 23.8"" FHD IPS Near Edgeless Monitor/VGA + HDMI/TUV Eye Comfort - L24i-10 (Black) + Lenovo 300 FHD Webcam/1080P 2.1 Megapixel/Full Stereo Dual mics/Ultra-Wide 95° Lens/4X Digital Zoom",4.5 out of 5 stars,"14,374",https://www.amazon.com/Lenovo-23-8-Edgeless-Monitor-Comfort/dp/B08YLHVBDF/ref=sr_1_32?dchild=1&keywords=ultrawide+monitors&qid=1621343412&sr=8-32
"BenQ PD2700Q 27-inch DesignVue Designer IPS Monitor with 2K QHD 1440p, 100% sRGB, AQCOLOR Technology, Darkroom, Animation, CAD/CAM Mode, Dualview Function, Display Pilot Software, Built-in Speaker",4.5 out of 5 stars,"25,849",https://www.amazon.com/BenQ-PD2700Q-27-inch-Monitor-Black/dp/B01K2210GS/ref=sr_1_33?dchild=1&keywords=ultrawide+monitors&qid=1621343415&sr=8-33
"Lenovo 27"" FHD NearEdgeless Monitor, IPS,75Hz, 4ms, USB-C+HDMI+VGA, AMD FreeSync, LED Backlit, TUV Eye Care-L27M-28+Lenovo 300 FHD Webcam/1080P 2.1 Megapixel/Full Stereo Dual mics/Ultrawide 95° Lens",,"20,254",https://www.amazon.com/Lenovo-NearEdgeless-Care-L27M-28-Megapixel-Ultrawide/dp/B08YM1BSQJ/ref=sr_1_34?dchild=1&keywords=ultrawide+monitors&qid=1621343415&sr=8-34
"Lenovo ThinkVision M14 14"" Full HD 1920x1080 IPS Monitor 300 Nit 6ms 2xUSB Type-C Ports Widescreen Backlit LED LCD Mobile Portable Display (Raven Black)",3.6 out of 5 stars,"18,990",https://www.amazon.com/ThinkVision-M14-Full-1920x1080-Monitor/dp/B07YX5NKK2/ref=sr_1_35?dchild=1&keywords=ultrawide+monitors&qid=1621343415&sr=8-35
Samsung LC49HG90DMUXEN 48.9-inch Ultra Wide Curved Monitor (Black),4.4 out of 5 stars, ,https://www.amazon.com/Samsung-LC49HG90DMUXEN-48-9-inch-Curved-Monitor/dp/B073RJQXB1/ref=sr_1_36?dchild=1&keywords=ultrawide+monitors&qid=1621343415&sr=8-36
"Acer 27 Inch 240 Hz 1 MS FHD Gaming Monitor I TN Panel I 400 NITS I ZeroFrame I 2 X HDMI, Display Port I 2W X 2 Speakers I (KG271B)",4.2 out of 5 stars, ,https://www.amazon.com/Acer-KG271-Monitor-ZeroFrame-Speakers/dp/B07K35KLG4/ref=sr_1_37?dchild=1&keywords=ultrawide+monitors&qid=1621343415&sr=8-37
"Samsung 34-inch (86.40cm) Curved Monitor- 21:9 Ultrawide QLED, Thunderbolt 3 Port- LC34J791WTWXXL",4.1 out of 5 stars,"85,000",https://www.amazon.com/Samsung-Monitor-Ultrawide-Thunderbolt-LC34J791WTWXXL/dp/B07TVDMT91/ref=sr_1_38?dchild=1&keywords=ultrawide+monitors&qid=1621343415&sr=8-38
Dorca Best Protective Monitor Dust Cover for Dell 32” D3218HN Ultra-Wide IPS Monitor -White,4.3 out of 5 stars,399,https://www.amazon.com/Dorca-Protective-Monitor-D3218HN-Ultra-Wide/dp/B07TJZ1DPN/ref=sr_1_39?dchild=1&keywords=ultrawide+monitors&qid=1621343415&sr=8-39
"Lenovo 27-inch 2560x1440 QHD IPS Panel NearEdgeless Monitor - Q27q-10-2x3W Speakers, 16:9 Aspect Ratio, 75Hz, 4ms, 300 nits Brightness, AMD FreeSync, TUV Rheinland Eye Care,1HDMI+DP Ports,HDMI Cable",4.4 out of 5 stars,"24,558",https://www.amazon.com/Lenovo-Q27q-10-inch-QHD-Monitor/dp/B083M6S11B/ref=sr_1_40?dchild=1&keywords=ultrawide+monitors&qid=1621343415&sr=8-40
"LG 29 inch 21:9 Ultrawide Monitor - Full HD, IPS Panel with HDMI, DVI, Display, USB, Audio Out, Heaphone Ports and in-Built Speakers - 29UB67 (Black)",4.3 out of 5 stars, ,https://www.amazon.com/LG-inch-73-66-Ultrawide-Built/dp/B00VX8GU34/ref=sr_1_41?dchild=1&keywords=ultrawide+monitors&qid=1621343415&sr=8-41
"HP 34-inch Curved Ultra-Thin Bezel Less QHD IPS Monitor-AMD Free Sync, 300 Nits with Audio in, Headphone, USB, HDMI, Display Ports - HP 34f Curve Monitor (6JM51AA)",4.0 out of 5 stars,"60,307",https://www.amazon.com/HP-34-inch-Ultra-Thin-Monitor-AMD-Headphone/dp/B07T5YQSX3/ref=sr_1_42?dchild=1&keywords=ultrawide+monitors&qid=1621343415&sr=8-42
"Acer ED322QR 31.5-inch Curved Full HD VA Panel 144Hz LED Monitor (2XHDMI, Display Ports) Stereo Speakers",4.1 out of 5 stars,"19,999",https://www.amazon.com/Acer-ED322QR-31-5-inch-Monitor-Speakers/dp/B07XYD79KR/ref=sr_1_43?dchild=1&keywords=ultrawide+monitors&qid=1621343415&sr=8-43
Samsung 28 inch (70.8 cm) 4K UHD Monitor with Bezel Less Design and IPS Display Panel (Dark Blue Gray) - LU28R550UQWXXL,3.6 out of 5 stars,"26,999",https://www.amazon.com/Samsung-Monitor-Bezel-Design-Display/dp/B08BY8S1ND/ref=sr_1_44?dchild=1&keywords=ultrawide+monitors&qid=1621343415&sr=8-44
HP 23’’ (58.4 cm) EliteDisplay E233 IPS LED Backlit FHD Anti-Glare Computer Monitor with Pivot Rotation (Black/Silver),4.4 out of 5 stars,"16,999",https://www.amazon.com/HP-EliteDisplay-Anti-Glare-Computer-Rotation/dp/B07J3ZRJDV/ref=sr_1_45?dchild=1&keywords=ultrawide+monitors&qid=1621343415&sr=8-45
"AOC 27-inch Curved 1700R Gaming Monitor with HDMIx2/VGA Port/Display Port, Full HD, Free Sync,144Hz, 1ms, Tilt Adjustment, Swivel Adjustment, Height Adjustment - C27G1 (Black)",4.3 out of 5 stars,"23,398",https://www.amazon.com/AOC-C27G1-Monitor-Response-Adjustment/dp/B07XVMBG4J/ref=sr_1_46?dchild=1&keywords=ultrawide+monitors&qid=1621343415&sr=8-46
Dell P Series 24-inch (60.96 cm) Screen Full HD (1080p) LED-Lit Monitor with IPS Panel - P2419H (Black),4.5 out of 5 stars,"14,500",https://www.amazon.com/Dell-Screen-LED-Lit-Monitor-P2419H/dp/B07F8XZN69/ref=sr_1_47?dchild=1&keywords=ultrawide+monitors&qid=1621343415&sr=8-47
"Lenovo G27c-10 Curved Gaming Monitor, 27"" VA FHD, 165Hz, 1ms MPRT, AMD FreeSync, 1Display Port, 1HDMI, Audio Out, Tilt & Height Adjustable, VESA Mount, TÜV Rheinland Low Blue Light Certification",4.2 out of 5 stars,"16,749",https://www.amazon.com/Lenovo-G27c-10-Curved-Gaming-Monitor/dp/B08CSGXLYX/ref=sr_1_48?dchild=1&keywords=ultrawide+monitors&qid=1621343415&sr=8-48
PALAS 215PCUM Industrial Touch Screen Monitor (55 cm/21.5 inches),5.0 out of 5 stars, ,https://www.amazon.com/Surface-Capacitive-Screen-Monitor-inches/dp/B077D4GNBB/ref=sr_1_49?dchild=1&keywords=ultrawide+monitors&qid=1621343417&sr=8-49
Acer 27 inch 144Hz 1MS Full HD TN Panel Gaming Monitor I 400 Nits Brightness I Zero Frame Design I AMD Free Sync I Stereo Speakers (KG271C),4.4 out of 5 stars,"14,499",https://www.amazon.com/Acer-KG271-Cbmidpx-27-inch-Monitor/dp/B07L4144TV/ref=sr_1_50?dchild=1&keywords=ultrawide+monitors&qid=1621343417&sr=8-50
"BenQ EW2780 27"" Eye-Care, Entertainment and Gaming Monitor, HDR, IPS, Edge to Edge Slim Bezel, FreeSync, 75Hz, Brightness Intelligence Plus, Speaker 2.5Wx2, Triple HDMI, FHD 1080P, ePaper Mode",4.4 out of 5 stars,"15,490",https://www.amazon.com/BenQ-EW2780-27-Inch-Eye-Care-Speakers/dp/B07YBS2C12/ref=sr_1_51?dchild=1&keywords=ultrawide+monitors&qid=1621343417&sr=8-51
Acer Nitro VG240YB 23.8 inch Full HD IPS Monitor I AMD Radeon Freesync Technology I 1MS VRB I 75Hz Refresh I 2 x HDMI and 1 x VGA Ports,4.5 out of 5 stars,"10,999",https://www.amazon.com/Acer-VG240Y-bmiix-FREESYNC-Technology/dp/B07CYJ47JB/ref=sr_1_52?dchild=1&keywords=ultrawide+monitors&qid=1621343417&sr=8-52
"PHILIPS 276E9QJAB/94 27"" IPS Panel Smart Image LED Monitor, 3W x 2 Speaker, HDMI & VGA Connectivity, FHD, 5 ms Response time, 60 Hz Refresh Rate, Energy Star 7.0, TCO Certified, VESA Mount,",4.6 out of 5 stars,"15,844",https://www.amazon.com/PHILIPS-276E9QJAB-Monitor-Backlight-Display/dp/B079VWXR5D/ref=sr_1_53?dchild=1&keywords=ultrawide+monitors&qid=1621343417&sr=8-53
"Dell Alienware 27 inch (68.58cm) Full HD Gaming Monitor with HDMI and DP Ports, IPS Panel, 240Hz, 1ms, AMD Free Sync, Tilt, Swivel, Height-Adjustable - AW2720HF (Black)",1.0 out of 5 stars,"46,412",https://www.amazon.com/Dell-Alienware-68-58cm-Monitor-Height-Adjustable/dp/B081QNZ2YV/ref=sr_1_54?dchild=1&keywords=ultrawide+monitors&qid=1621343417&sr=8-54
"LG 23.8 inch (60.45 cm) Borderless LED Monitor - Full HD, IPS Panel with VGA, HDMI, Audio in/Out Ports and in-Built Speakers - 24MP88HV (Silver/White)",4.3 out of 5 stars,"15,499",https://www.amazon.com/LG-23-8-Borderless-Monitor-Built/dp/B01BGI6GZC/ref=sr_1_55?dchild=1&keywords=ultrawide+monitors&qid=1621343417&sr=8-55
"MSI Optix G27C4 27"" Full HD 1920 x 1080 1ms (MPRT) 165 Hz HDMI, DisplayPort AMD FreeSync Curved Gaming Monitor",4.5 out of 5 stars,"17,470",https://www.amazon.com/MSI-Optix-G27C4-DisplayPort-FreeSync/dp/B087D1K4HB/ref=sr_1_56?dchild=1&keywords=ultrawide+monitors&qid=1621343417&sr=8-56
Acer Nitro QG221Q 21.5 Inch Full HD Gaming Monitor - VA Panel - 1 MS - 75 Hz - 250 Nits - AMD Free Sync - 1 X VGA 2 X HDMI - QG221Q (Black),4.4 out of 5 stars,"9,690",https://www.amazon.com/Acer-Nitro-QG221Q-Gaming-Monitor/dp/B07S31CP9G/ref=sr_1_57?dchild=1&keywords=ultrawide+monitors&qid=1621343417&sr=8-57
LG Consumer 27MP89HM-S 27-inch IPS Borderless Full HD Gaming Monitor with VGA HDMI Speakers,5.0 out of 5 stars,"20,400",https://www.amazon.com/LG-Consumer-27MP89HM-S-Borderless-Speakers/dp/B0714JFBC8/ref=sr_1_58?dchild=1&keywords=ultrawide+monitors&qid=1621343417&sr=8-58
"HP 23.8 inch(60.45 cm) Ultra-Thin Edge to Edge LED Backlit Computer Monitor - Full HD, IPS Panel with VGA, HDMI Ports - HP 24es Display - T3M79AA (Silver)",4.4 out of 5 stars,"12,249",https://www.amazon.com/HP-23-8-inch-60-45-Monitor/dp/B01H1Q8TQC/ref=sr_1_59?dchild=1&keywords=ultrawide+monitors&qid=1621343417&sr=8-59
"Lenovo 18.5-inch HD Monitor, TN Panel, (5ms Response time - 200 Nits Brightness – HDMI and VGA Port - HDMI Cable Included - 72% Color Gamut - TUV Blue Light Certification), LED Backlit",3.5 out of 5 stars,"5,899",https://www.amazon.com/Lenovo-18-5-inch-Monitor-Response-time/dp/B07XX24XWD/ref=sr_1_60?dchild=1&keywords=ultrawide+monitors&qid=1621343417&sr=8-60
"Acer DM431K 43"" 4K Led Monitor IPS (4K UHD) 3840 x 2160@60 Hz, 2 x 5.0W Inbuilt Speakers,VGA,DisplayPort,HDMI / 5ms / 250 nit Brightness",4.0 out of 5 stars,"43,590",https://www.amazon.com/Acer-Monitor-Speakers-DisplayPort-Brightness/dp/B07SLLJWV4/ref=sr_1_61?dchild=1&keywords=ultrawide+monitors&qid=1621343417&sr=8-61
"Samsung 27 inch (68.6 cm) Curved Bezel Less, Speakers, Fabric Textured Back Side, FHD, VA Panel with DP, HDMI, VGA, Audio in, Headphone Ports - LC27T550FDWXXL",4.4 out of 5 stars,"22,588",https://www.amazon.com/Samsung-Curved-Speakers-Textured-Headphone/dp/B08GC73215/ref=sr_1_62?dchild=1&keywords=ultrawide+monitors&qid=1621343417&sr=8-62
"Samsung 27 inch (68.6 cm) 240 Hz, G-Sync Compatible, Bezel Less Curved Gaming Monitor (Dark Blue Gray) (2020 Model) - Computer Monitor, 1920 x 1080p Resolution, HDMI - LC27RG50FQWXXL",3.8 out of 5 stars,"24,749",https://www.amazon.com/Samsung-G-Sync-Compatible-Curved-Monitor/dp/B0894PWX63/ref=sr_1_63?dchild=1&keywords=ultrawide+monitors&qid=1621343417&sr=8-63
"Zebronics 27 inch (68.5 cm) LED Monitor with Full HD Display, HDMI and VGA Port, Built in Speaker, Slim Bezel, Metal Stand and Wall Mountable - Zeb-A27FHD LED",3.9 out of 5 stars,"14,999",https://www.amazon.com/Zebronics-68-5cm-LED-Monitor-White/dp/B07S3H29CT/ref=sr_1_64?dchild=1&keywords=ultrawide+monitors&qid=1621343417&sr=8-64
"frontech FT-1995 led Monitor vga and hdmi (17"" inch)",3.2 out of 5 stars,"4,099",https://www.amazon.com/frontech-FT-1995-Monitor-hdmi-inch/dp/B08W3LDDRM/ref=sr_1_65?dchild=1&keywords=ultrawide+monitors&qid=1621343420&sr=8-65
Samsung 32 Inch UHD Sleek Curved Monitor with Three Side Bezel Less & 1 Billion Colors - LU32R590CWWXXL,4.1 out of 5 stars,"34,599",https://www.amazon.com/Samsung-Curved-Monitor-Billion-Colors/dp/B07V33RQ7S/ref=sr_1_66?dchild=1&keywords=ultrawide+monitors&qid=1621343420&sr=8-66
"HP 27-inch Ultra-Slim Full HD Computer Monitor - AMD FreeSync, Built-in Speakers, IPS Panel with HDMI and VGA Ports - HP 27fw Display with Audio (4TB32AA)",4.4 out of 5 stars,"20,999",https://www.amazon.com/HP-27-inch-Micro-Edge-Speakers-4TB32AA/dp/B07MP5KJ59/ref=sr_1_67?dchild=1&keywords=ultrawide+monitors&qid=1621343420&sr=8-67
BenQ Zowie XL2746S 27 inch 240Hz Gaming Monitor | 1080p 0.5ms | Dynamic Accuracy Plus & Black Equalizer for Competitive Edge | Height Adjustable |120Hz Compatible for PS5 and Xbox Series X,4.8 out of 5 stars,"63,999",https://www.amazon.com/BenQ-XL2746S-Equalizer-Competitive-Adjustable/dp/B0846L4JRQ/ref=sr_1_68?dchild=1&keywords=ultrawide+monitors&qid=1621343420&sr=8-68
"HP 27f 27-inch Full HD IPS Panel Micro Edge Display Monitor with AMD Freesync, 2 x HDMI, 1 VGA Port, 75 Hz Refresh Rate - 3AL61AA (Silver)",4.2 out of 5 stars,"17,999",https://www.amazon.com/HP-3AL61AA-27f-27-inch-Display/dp/B07CCKKQYQ/ref=sr_1_69?dchild=1&keywords=ultrawide+monitors&qid=1621343420&sr=8-69
"ASUS VA326H Gaming Monitor – 31.5” FHD (1920x1080), 144Hz, Curved, Flicker Free, Low Blue Light",4.5 out of 5 stars,"32,999",https://www.amazon.com/Curved-VA326H-1080p-144Hz-Monitor/dp/B071J9J767/ref=sr_1_70?dchild=1&keywords=ultrawide+monitors&qid=1621343420&sr=8-70
"LG 24-inch (60.96 cm), Full HD IPS (1920 x 1080) Monitor, Inbuilt Speaker, HDMI x 2, VGA Port, 75 Hz Refresh Rate, AMD Freesync, 3 Side Borderless Slim Design - 24ML600M-W - White",4.4 out of 5 stars,"12,999",https://www.amazon.com/LG-24-inch-Monitor-Freesync-Borderless/dp/B08J5Y9ZSV/ref=sr_1_71?dchild=1&keywords=ultrawide+monitors&qid=1621343420&sr=8-71
LG-Monitor-34UC98, , ,https://www.amazon.com/LG-34UC98-LG-Monitor-34UC98/dp/B07D7RG84Z/ref=sr_1_72?dchild=1&keywords=ultrawide+monitors&qid=1621343420&sr=8-72
LUMI BRATECK Single Monitor LCD Stand/Single Monitor ARM/Single Monitor Desk Mount/Single Monitor Table Stand,4.6 out of 5 stars,"2,750",https://www.amazon.com/LUMI-ECONOMICAL-ARTICULATING-Adjustable-Supporting/dp/B07YX4VLMD/ref=sr_1_73?dchild=1&keywords=ultrawide+monitors&qid=1621343420&sr=8-73
Enter 15.4 inch Full HD Monitor (E-M16HA HDMI & VGA LED),3.4 out of 5 stars,"3,999",https://www.amazon.com/Enter-Monitor-M16HA-HDMI-VGA/dp/B07MJTKWT9/ref=sr_1_74?dchild=1&keywords=ultrawide+monitors&qid=1621343420&sr=8-74
Rife Single Monitor Arm Mount Desk Height Adjustable Articulating Gas Spring Arm | Fits 19 21 24 27 29 30 32 Inch VESA Compatible Computer Screen C-Clamp and Grommet Base (Aluminium Finish Single Arm),4.5 out of 5 stars,"5,731",https://www.amazon.com/Rife-Adjustable-Articulating-Compatible-Aluminium/dp/B084RFD1D2/ref=sr_1_75?dchild=1&keywords=ultrawide+monitors&qid=1621343420&sr=8-75
"Acer XR342CK P 34 Inch Curved QHD (3440 x 1440) Monitor HDR Ready with Adaptive Sync Support (Display, USB HUB, HDMI & Type C Ports)",3.7 out of 5 stars,"70,990",https://www.amazon.com/Acer-XR342CK-Monitor-Adaptive-Support/dp/B07ZRKQ29K/ref=sr_1_76?dchild=1&keywords=ultrawide+monitors&qid=1621343420&sr=8-76
HP EliteDisplay E243i 23.8-inch Anti Glare Full HD Monitor with Pivot Rotation and VGA (Black),4.5 out of 5 stars,"22,799",https://www.amazon.com/HP-EliteDisplay-E243i-23-8-inch-rotation/dp/B07C5R1R6T/ref=sr_1_77?dchild=1&keywords=ultrawide+monitors&qid=1621343420&sr=8-77
"Samsung 24 inch (60.4 cm) IPS, 3 Side Bezel Less Flat LED Monitor (Dark Blue Gray) 75 Hz - LS24R356FHWXXL",4.3 out of 5 stars,"9,948",https://www.amazon.com/Samsung-inch-60-4-Bezel-Monitor/dp/B084DM2CRP/ref=sr_1_78?dchild=1&keywords=ultrawide+monitors&qid=1621343420&sr=8-78
LG 27 inch Borderless Full HD Color Calibrated IPS Monitor - 27MK600 (White),4.4 out of 5 stars,"15,999",https://www.amazon.com/LG-Borderless-Color-Calibrated-Monitor/dp/B07K6NBLLS/ref=sr_1_79?dchild=1&keywords=ultrawide+monitors&qid=1621343420&sr=8-79
"Acer B227Q 21.5"" IPS LED Full HD Monitor - Inbuilt HD Web CAM with MIC - Height Adjustment Pivot - 2W X 2 Speakers with Eye Care Features & Suitable for Work from Home - Study from Home",4.2 out of 5 stars,"11,949",https://www.amazon.com/Acer-B227Q-21-5-Full-Monitor/dp/B0792TPZ5T/ref=sr_1_80?dchild=1&keywords=ultrawide+monitors&qid=1621343420&sr=8-80
"Samsung - 34-inch Premium Curved Monitor with 21:9 Wide Screen, USB Type C Connectivity & Ultra WQHD Resolution - LC34H890WJWXXL", , ,https://www.amazon.com/Samsung-34-inch-Connectivity-Resolution-LC34H890WJWXXL/dp/B07TXLHD8N/ref=sr_1_81?dchild=1&keywords=ultrawide+monitors&qid=1621343423&sr=8-81
Dell UltraSharp 49 Curved Monitor: U4919DW,,"2,29,269",https://www.amazon.com/Dell-UltraSharp-49-Curved-Monitor/dp/B07KMQT7DB/ref=sr_1_82?dchild=1&keywords=ultrawide+monitors&qid=1621343423&sr=8-82
"Lenovo 60.4 cm (23.8-inch) FHD Ultra Slim Near Edgeless IPS Monitor with 75Hz, 4ms, HDMI, VGA, AMD FreeSync, Built in Speaker, with Metal Stand, LED Backlit, TUV Certified Eye Comfort - Q24i-10",4.5 out of 5 stars,"12,799",https://www.amazon.com/Lenovo-Q24i-10-Monitor-Response-FreeSync/dp/B083M7V5X5/ref=sr_1_83?dchild=1&keywords=ultrawide+monitors&qid=1621343423&sr=8-83
Enter 15.4 inch HD LED Backlit Monitor with HDMI & VGA (E-MO-A06),5.0 out of 5 stars,"3,474",https://www.amazon.com/Enter-15-4-Backlit-Monitor-MO-A06/dp/B08WKJZ1YT/ref=sr_1_84?dchild=1&keywords=ultrawide+monitors&qid=1621343423&sr=8-84
"ViewSonic 27 inch (68.58 cm) LED Backlit Computer Monitor - FHD, IPS Panel with HDMI, VGA - VA2719-SH (Black)",4.6 out of 5 stars, ,https://www.amazon.com/ViewSonic-inch-68-58-LED-Monitor/dp/B06X8WL6LB/ref=sr_1_85?dchild=1&keywords=ultrawide+monitors&qid=1621343423&sr=8-85
"Dell U-Series 37.5"" Screen LED-Lit Monitor (U3818DW)",4.1 out of 5 stars,"1,35,289",https://www.amazon.com/Dell-Screen-LED-Lit-Monitor-U3818DW/dp/B073FHWTPL/ref=sr_1_86?dchild=1&keywords=ultrawide+monitors&qid=1621343423&sr=8-86
"Dell 24 inch (60.9 cm) Widescreen Ultrasharp LED Backlit Computer Monitor - Full HD, IPS Panel with VGA, DVI, Display, USB Ports - U2412M (Black)",4.5 out of 5 stars,"16,000",https://www.amazon.com/Dell-inch-Widescreen-Ultrasharp-Monitor/dp/B005JN9310/ref=sr_1_87?dchild=1&keywords=ultrawide+monitors&qid=1621343423&sr=8-87
"HP 24 inch (61.0 cm) Ultra-Slim LED Backlit Gaming Monitor - Full HD, 75 Hz Refresh Rate, AMD Free Sync,Anti-Glare, IPS Panel with VGA and HDMI Ports - HP 24F Display - 3AL28AA (Silver)",4.2 out of 5 stars,"12,850",https://www.amazon.com/HP-Backlit-Panel-Monitor-3AL28AA/dp/B07DT3SSMT/ref=sr_1_88?dchild=1&keywords=ultrawide+monitors&qid=1621343423&sr=8-88
"Dell 32 inch (81.28cm) Curved QHD Gaming Monitor with HDMI and DP Ports, VA Panel, 165Hz, 4ms, AMD Free Sync, Tilt, Swivel, Height-Adjustable - S3220DGF (Black)",4.7 out of 5 stars,"59,900",https://www.amazon.com/Dell-81-28cm-Curved-Monitor-Height-Adjustable/dp/B07XTVYDC3/ref=sr_1_89?dchild=1&keywords=ultrawide+monitors&qid=1621343423&sr=8-89
AOPEN Acer 24-inch (60.96 cm) Aopen Curve Gaming Monitor - 24HC1QR (Black),4.1 out of 5 stars,"12,499",https://www.amazon.com/Aopen-24HC1Q-24-inch-Gaming-Monitor/dp/B07L9DYD9J/ref=sr_1_90?dchild=1&keywords=ultrawide+monitors&qid=1621343423&sr=8-90
Dell P Series 27-Inch Screen LED-lit Monitor (P2719H),4.4 out of 5 stars,"19,050",https://www.amazon.com/Dell-27-Inch-LED-lit-Monitor-P2719H/dp/B07FKH79XM/ref=sr_1_91?dchild=1&keywords=ultrawide+monitors&qid=1621343423&sr=8-91
"ASUS TUF Gaming VG259Q Gaming Monitor – 63.5cm (24.5 viewable) Full HD (1920x1080), 144Hz, 1ms, IPS, G-Sync compatible, Extreme Low Motion Blur, Adaptive-sync, 1ms (MPRT) FreeSync Eye Care DisplayPort",4.4 out of 5 stars,"21,049",https://www.amazon.com/ASUS-Gaming-VG259Q-Monitor-Adaptive-sync/dp/B0817JCFJN/ref=sr_1_92?dchild=1&keywords=ultrawide+monitors&qid=1621343423&sr=8-92
"Samsung 23.5 inch (59.8 cm) LED Backlit Computer Monitor - Full HD, Super Slim AH-IPS Panel with VGA, HDMI Ports - LS24F350FHWXXL (Black)",4.0 out of 5 stars,"8,949",https://www.amazon.com/Samsung-23-5-inch-59-8-Monitor/dp/B01H6S8D7A/ref=sr_1_93?dchild=1&keywords=ultrawide+monitors&qid=1621343423&sr=8-93
"PHILIPS 271V8/94 23.8"" IPS Panel Smart Image LED Monitor with, VGA & HDMI Connectivity, FHD, 4 ms Response time, 75 Hz Refresh Rate, Flicker Free, Low Blue Mode, Easy Read Mode, VESA Mount",3.9 out of 5 stars,"12,940",https://www.amazon.com/PHILIPS-271V8-94-Adjustable-Mountable/dp/B07YWP5NMC/ref=sr_1_94?dchild=1&keywords=ultrawide+monitors&qid=1621343423&sr=8-94
Dell UltraSharp U2720Q 27 Inch 4K UHD (3840 x 2160) LED Backlit LCD IPS USB-C Monitor,4.5 out of 5 stars,"61,400",https://www.amazon.com/Dell-UltraSharp-U2720Q-Backlit-Monitor/dp/B086H26XWV/ref=sr_1_95?dchild=1&keywords=ultrawide+monitors&qid=1621343423&sr=8-95
PHILIPS Brilliance 499P9H1/75 49-inch Curved SuperWide Dual QHD LCD Display with Pop-Up Webcam with Windows Hello,4.2 out of 5 stars, ,https://www.amazon.com/PHILIPS-Brilliance-499P9H1-75-SuperWide/dp/B07MXYXK6N/ref=sr_1_96?dchild=1&keywords=ultrawide+monitors&qid=1621343423&sr=8-96
"MSI Optix MAG241C 23.6 inch Full HD Curved Gaming Monitor, 144hz Refresh Rate, 1ms Response time, Anti Glare Panel and Adjustable Stand",4.4 out of 5 stars,"17,649",https://www.amazon.com/MSI-Optix-MAG241C-1920x1080-Adjustable/dp/B07ZFNTKHW/ref=sr_1_97?dchild=1&keywords=ultrawide+monitors&qid=1621343426&sr=8-97
Asus 28-inch 4K LED Display Gaming Monitor with PiP and PbP Modes - PB287Q (Black),4.2 out of 5 stars,"34,409",https://www.amazon.com/Asus-PB287Q-28-inch-Gaming-Monitor/dp/B00KJGY3TO/ref=sr_1_98?dchild=1&keywords=ultrawide+monitors&qid=1621343426&sr=8-98
DELL 21.5 inch SE2219HX Ultra Thin Bezel LED Backlit Computer Monitor (Black),4.2 out of 5 stars,"8,999",https://www.amazon.com/SE2219HX-Ultra-Backlit-Computer-Monitor/dp/B07PBHSW26/ref=sr_1_99?dchild=1&keywords=ultrawide+monitors&qid=1621343426&sr=8-99
Acer Predator XB-271HU NVIDIA G-SYNC Gaming Monitor 2560 x 1440 Resolution 144Hz - HDMI - Display Port - USB 3.0,4.6 out of 5 stars,"41,999",https://www.amazon.com/Acer-Predator-XB-271HU-Monitor-Resolution/dp/B01EN5JN5K/ref=sr_1_100?dchild=1&keywords=ultrawide+monitors&qid=1621343426&sr=8-100
AOC 19.5 LED Widescreen Monitor | e2070Swn,3.9 out of 5 stars, ,https://www.amazon.com/AOC-19-5-Widescreen-Monitor-e2070Swn/dp/B00DBRPKQI/ref=sr_1_101?dchild=1&keywords=ultrawide+monitors&qid=1621343426&sr=8-101
"ViewSonic VX3276-2K-MHD (32 Inch) 2K Resolution 1440p, IPS Panel, Frameless Monitor, HDMI, DisplayPort & Mini DP, Refresh Rate 75 Hz, Flicker-Free and Blue Light Filter",4.5 out of 5 stars,"23,589",https://www.amazon.com/VIEWSONIC-VX3276-2K-MHD-32-IPS-Monitor/dp/B0787XMLZQ/ref=sr_1_102?dchild=1&keywords=ultrawide+monitors&qid=1621343426&sr=8-102
"LG Ultragear 69 cm (27-inch) IPS FHD, G-Sync Compatible, HDR 10, Gaming Monitor with Display Port, HDMI x 2, Height Adjust & Pivot Stand, 144Hz, 1ms - 27GL650F (Black)",4.5 out of 5 stars,"22,499",https://www.amazon.com/LG-Ultragear-Compatible-Monitor-Display/dp/B07R7636MH/ref=sr_1_103?dchild=1&keywords=ultrawide+monitors&qid=1621343426&sr=8-103
"HP 27-inch Borderless Quad HD 4K Gaming Monitor - AMD FreeSync, 1 ms Response Time,  144 Hz Refresh Rate, TN Panel with HDMI, VGA Ports - HP 27X Display - 3WL55AA (Black)",4.0 out of 5 stars,"36,584",https://www.amazon.com/HP-27-inch-Gaming-Display-Monitor/dp/B07DSVSRDV/ref=sr_1_104?dchild=1&keywords=ultrawide+monitors&qid=1621343426&sr=8-104
"LG 22 inch (55cm) IPS Monitor - Full HD, IPS Panel with VGA, HDMI, DVI, Audio Out Ports - 22MP68VQ",4.4 out of 5 stars,"9,599",https://www.amazon.com/LG-inch-55cm-LCD-Monitor/dp/B01IBM5V66/ref=sr_1_105?dchild=1&keywords=ultrawide+monitors&qid=1621343426&sr=8-105
"Acer EB321HQUD 31.5 Inch 2560 x 1440 WQHD IPS Panel Monitor with Height Adjustment, Tilt & Swivel Options (Black)",4.2 out of 5 stars,"21,999",https://www.amazon.com/Acer-EB321HQUD-Monitor-Adjustment-Speaekers/dp/B084MKK9DX/ref=sr_1_106?dchild=1&keywords=ultrawide+monitors&qid=1621343426&sr=8-106
"LG 27 inch 4K-UHD (3840 x 2160) HDR 10 Monitor with IPS Panel, Radeon FreeSync, Height/Pivot/Tilt Adjustable Stand, HDMI x 2, Display Port- 27UL550 (White)",4.4 out of 5 stars,"28,999",https://www.amazon.com/LG-Monitor-FreeSync-Adjustable-Display/dp/B08K4L9MHM/ref=sr_1_107?dchild=1&keywords=ultrawide+monitors&qid=1621343426&sr=8-107
"LG 27"" Full HD (1920 x 1080) TN Panel Monitor, HDMI & VGA Port, 2 ms Response Time, 75 Hz Refresh Rate & AMD Freesync - 27MK400H (Black)",4.5 out of 5 stars,"14,990",https://www.amazon.com/LG-27MK400H-B-ATR-27-inch-Angle-Monitor/dp/B07K6NWDSD/ref=sr_1_108?dchild=1&keywords=ultrawide+monitors&qid=1621343426&sr=8-108
"Acer XR342CK 34"" Curved QHD (3440 x 1440) Monitor HDR Ready with Adaptive Sync Support (Display, USB HUB, HDMI & MHL Ports)",5.0 out of 5 stars,"70,999",https://www.amazon.com/Acer-XR342CK-Monitor-Adaptive-Support/dp/B07TF4JC2X/ref=sr_1_109?dchild=1&keywords=ultrawide+monitors&qid=1621343426&sr=8-109
"AOC 27-inch Curved 1700R LED Monitor with HDMI/VGA Port/Display Port/Earphone, Full HD, Tilt Adjustment, Wall Mountable - C27V1Q/WS (Glossy White)",4.1 out of 5 stars,"15,285",https://www.amazon.com/AOC-C27V1Q-WS-Adjustment-Mountable/dp/B07XVM8V8B/ref=sr_1_110?dchild=1&keywords=ultrawide+monitors&qid=1621343426&sr=8-110
"Dell 23.6 inch (59.94cm) Full HD Gaming Monitor with HDMI and VGA Ports, TN Panel, 75Hz, 2ms, AMD Free Sync - SE2417HGX (Black)",3.0 out of 5 stars,"16,601",https://www.amazon.com/Dell-59-94cm-Gaming-Monitor-Ports/dp/B07XTVYPYF/ref=sr_1_111?dchild=1&keywords=ultrawide+monitors&qid=1621343426&sr=8-111
"AOC I2279VWHE 21.5"" LED Monitor with VGA Port, HDMI Port",3.8 out of 5 stars, ,https://www.amazon.com/AOC-I2279VWHE-22-inch-Monitor/dp/B016ODMF40/ref=sr_1_112?dchild=1&keywords=ultrawide+monitors&qid=1621343426&sr=8-112
Dell U-Series 34-Inch Screen LED-Lit Monitor (U3419w), ,"96,899",https://www.amazon.com/Dell-34-Inch-LED-Lit-Monitor-U3419w/dp/B07HB3ZX9F/ref=sr_1_113?dchild=1&keywords=ultrawide+monitors&qid=1621343429&sr=8-113
MSI Optix G241-24 inch IPS Gaming Monitor – Full HD - 144hz Refresh Rate - 1ms Response time – AMD Freeync for Esports,4.5 out of 5 stars,"16,933",https://www.amazon.com/MSI-Optix-G241-24-Gaming-Monitor/dp/B08B8LBM3S/ref=sr_1_114?dchild=1&keywords=ultrawide+monitors&qid=1621343429&sr=8-114
Acer 27 Inch Full HD IPS Ultra Slim (6.6mm Thick) LCD Monitor I Frameless Design I AMD Free Sync I Eye Care Features I Stereo Speakers (HA270),4.3 out of 5 stars,"12,999",https://www.amazon.com/Acer-HA270-Awmi-27-inch-Monitor/dp/B07JD7GKJP/ref=sr_1_115?dchild=1&keywords=ultrawide+monitors&qid=1621343429&sr=8-115
"BenQ 32"" 4K HDR Monitor (True 10-Bit, 4ms, Eye Care, FresSync, DCI-P3, USB-Type C, HDMI, DP)",4.5 out of 5 stars,"39,390",https://www.amazon.com/EW3270U-Monitor-10-Bit-FresSync-USB-Type/dp/B078HWBGH5/ref=sr_1_116?dchild=1&keywords=ultrawide+monitors&qid=1621343429&sr=8-116
LG 32UD59-B.ATR 32-inch Colour Calibrated Monitor (Black),4.6 out of 5 stars,"37,307",https://www.amazon.com/LG-32UD59-B-ATR-32-inch-Calibrated-Monitor/dp/B07K6JXJ8C/ref=sr_1_117?dchild=1&keywords=ultrawide+monitors&qid=1621343429&sr=8-117
Samsung 32-inch (80.01cm) Flat UHD Monitor with 178 Degree Viewing Angle - LU32J590UQWXXL,3.9 out of 5 stars,"31,350",https://www.amazon.com/Samsung-32-inch-72-95cm-Monitor-Viewing/dp/B07TS8LRQQ/ref=sr_1_118?dchild=1&keywords=ultrawide+monitors&qid=1621343429&sr=8-118
Dell 27 USB-C Monitor: P2719HC,4.2 out of 5 stars,"28,100",https://www.amazon.com/Dell-1920-1080-LED-Black/dp/B07GDR6TJJ/ref=sr_1_119?dchild=1&keywords=ultrawide+monitors&qid=1621343429&sr=8-119
Dorca Best Protective Monitor Dust Cover for Acer V6 V206HQL 19.5 inch (49.53 cm) Widescreen LCD Monitor,4.6 out of 5 stars,319,https://www.amazon.com/Dorca-Protective-Monitor-V206HQL-Widescreen/dp/B07SJLTW62/ref=sr_1_120?dchild=1&keywords=ultrawide+monitors&qid=1621343429&sr=8-120
"Acer CB282K 28 Inch UHD 4K (3840 x 2160) IPS Zero Frame Eye Care Monitor with AMD Radeon FreeSync, 4ms, 90% DCI-P3, Height Adjustable Stand with Tilt & Pivot (Display Port, 2 x HDMI, Speakers)",4.0 out of 5 stars,"26,599",https://www.amazon.com/Acer-Monitor-FreeSync-Adjustable-Speakers/dp/B08J921K8C/ref=sr_1_121?dchild=1&keywords=ultrawide+monitors&qid=1621343429&sr=8-121
"Samsung 27 inch (68.5 cm) Curved LED Backlit Computer Monitor - Full HD, VA Panel with VGA, HDMI, Audio Ports - LC27F390FHWXXL (Black)",4.4 out of 5 stars,"16,700",https://www.amazon.com/Samsung-inch-68-6-Curved-Monitor/dp/B01GFPGHVE/ref=sr_1_122?dchild=1&keywords=ultrawide+monitors&qid=1621343429&sr=8-122
ZEBSTER 15.4 inch HD LED Backlit Monitor (ZEB-V16HDLED) + Big Beat Fast Charge Data Cable Combo by Maxy!,3.6 out of 5 stars,"3,999",https://www.amazon.com/ZEBSTER-Backlit-Monitor-ZEB-V16HDLED-Charge/dp/B08SK7QPYR/ref=sr_1_123?dchild=1&keywords=ultrawide+monitors&qid=1621343429&sr=8-123
"HP 23.8 inch(60.45 cm) Ultra-Thin LED Backlit Computer Monitor - 3 Side Micro Bezel, Full HD, 60 Hz, IPS Panel with VGA, HDMI Ports - HP V24i Display - 9RV16AA",4.2 out of 5 stars,"9,990",https://www.amazon.com/HP-Ultra-Thin-Backlit-Computer-Monitor/dp/B08R6X5BNT/ref=sr_1_124?dchild=1&keywords=ultrawide+monitors&qid=1621343429&sr=8-124
"AOC 23.8-inch LED Monitor with Display Port, HDMI Port, Ultra Slim - 24V2Q (Black)",4.5 out of 5 stars,"11,300",https://www.amazon.com/AOC-24V2Q-Monitor-Display-Ultra/dp/B07FBVDRWL/ref=sr_1_125?dchild=1&keywords=ultrawide+monitors&qid=1621343429&sr=8-125
"LG Ultragear 27"" 240Hz, 1ms, G-Sync Compatible, HDR 10, IPS Display Gaming Monitor, Height Adjust, Pivot Stand, Display Port, HDMI Port - 27GN750",4.6 out of 5 stars,"29,999",https://www.amazon.com/LG-Ultragear-Compatible-Display-Monitor/dp/B07MKT2BNB/ref=sr_1_126?dchild=1&keywords=ultrawide+monitors&qid=1621343429&sr=8-126
"Acer ConceptD CP3271K P 27"" UHD 4K (3840 x 2160) IPS G-SYNC Compatible Monitor, Pantone Validated, VESA Certified DisplayHDR400, DCI-P3, Delta E<1 (2 x DP, 2 x HDMI & 4 x USB 3.0 Ports)",3.9 out of 5 stars,"57,999",https://www.amazon.com/Acer-Compatible-Validated-Certified-DisplayHDR400/dp/B085XKCSSF/ref=sr_1_127?dchild=1&keywords=ultrawide+monitors&qid=1621343429&sr=8-127
"Lenovo Thinkvision S22e-19 21.5 inch Near Edgeless Monitor with LED Display, TUV Certified Eye Comfort & FreeSync™, VGA and HDMI Input Ports, Suitable for Work from Home/Study from Home (61C9KAR1WW)",4.2 out of 5 stars,"9,249",https://www.amazon.com/Lenovo-ThinkVision-S22e-19-21-5-inch-Backlit/dp/B07HXRBJD6/ref=sr_1_128?dchild=1&keywords=ultrawide+monitors&qid=1621343429&sr=8-128
Samsung LU28E590DS/XL 28-inch UHD LED Backlit Computer Monitor (Black/Metallic Silver),3.7 out of 5 stars,"25,990",https://www.amazon.com/Samsung-LU28E590DS-XL-28-inch-Metallic/dp/B017999Q5Y/ref=sr_1_129?dchild=1&keywords=ultrawide+monitors&qid=1621343432&sr=8-129
"Acer 28-inch (71.12 cm) 4K Monitor with AMD Free Sync Technology, Stereo Speakers - KG281K (Black)",4.1 out of 5 stars,"18,799",https://www.amazon.com/Acer-inch-71-12-Monitor-Resolution/dp/B079N8BR8G/ref=sr_1_130?dchild=1&keywords=ultrawide+monitors&qid=1621343432&sr=8-130
"Dell UltraSharp U2419H 24"" Full HD 1920x1080 LED Monitor",4.2 out of 5 stars,"22,000",https://www.amazon.com/Dell-UltraSharp-U2419H-1920x1080-Monitor/dp/B07KC9C2XQ/ref=sr_1_131?dchild=1&keywords=ultrawide+monitors&qid=1621343432&sr=8-131
LUMI BRATECK Dual Monitor Desk Mount/Dual Monitors Aluminum Heavy-Duty Gas Spring Monitor ARM/Dual Monitor Stand/Dual Monitor ARM,4.3 out of 5 stars,"15,000",https://www.amazon.com/LUMI-HEAVY-DUTY-INTERACTIVE-COUNTERBALANCE-SUPPORTING/dp/B07YX47SRX/ref=sr_1_132?dchild=1&keywords=ultrawide+monitors&qid=1621343432&sr=8-132
"PHILIPS 246E9QJAB 23.8"" IPS Panel, LED Monitor Built-in Stereo Speakers, AMD FreeSync™ Technology, DisplayPort & HDMI Connectivity, FHD, Ultra Narrow Border, LowBlue Mode, Flicker Free, VESA Mount",2.6 out of 5 stars,"9,705",https://www.amazon.com/PHILIPS-LCD-Monitor-Ultra-Wide/dp/B07HDJKB6Y/ref=sr_1_133?dchild=1&keywords=ultrawide+monitors&qid=1621343432&sr=8-133
Philips 193V5LHSB2 18.5-inch LCD Monitor (Black),3.1 out of 5 stars,"6,049",https://www.amazon.com/Philips-193V5LHSB2-18-5-inch-Monitor-Black/dp/B01H3FPMD4/ref=sr_1_134?dchild=1&keywords=ultrawide+monitors&qid=1621343432&sr=8-134
"Asus VZ249H 24-inch FHD Monitor,HDMI VGA",3.8 out of 5 stars,"11,999",https://www.amazon.com/Asus-VZ249H-24-inch-Monitor-HDMI/dp/B01HZZ12YK/ref=sr_1_135?dchild=1&keywords=ultrawide+monitors&qid=1621343432&sr=8-135
"Acer Nitro VG280K 28 inch UHD 3840 X 2160 Resolution Gaming Monitor (IPS Panel, FreeSync, 60Hz, 4MS, HDR 10, DP, HDMI, Black)",4.4 out of 5 stars,"24,999",https://www.amazon.com/Acer-VG280K-Resolution-Monitor-FreeSync/dp/B08H1FXFNT/ref=sr_1_136?dchild=1&keywords=ultrawide+monitors&qid=1621343432&sr=8-136
"AOC E2070SWNE 19.5"" Monitor",4.3 out of 5 stars, ,https://www.amazon.com/AOC-E2070SWNE-19-5-Monitor/dp/B07K3226M5/ref=sr_1_137?dchild=1&keywords=ultrawide+monitors&qid=1621343432&sr=8-137
"ASUS TUF Gaming 27"" HDR Gaming Monitor, 1080P Full HD (1920 x 1080) Fast IPS, 280Hz, G-SYNC Compatible, Extreme Low Motion Blur Sync (ELMB SYNC) 1ms, Display HDR 400",5.0 out of 5 stars, ,https://www.amazon.com/ASUS-Monitor-Compatible-Extreme-Display/dp/B0845QFDVM/ref=sr_1_138?dchild=1&keywords=ultrawide+monitors&qid=1621343432&sr=8-138
"Dell 19.5 inch (49.41 cm) LED Backlit Computer Monitor - HD, TN Panel with VGA Port - E2016HV (Black)",4.2 out of 5 stars, ,https://www.amazon.com/Dell-19-5-inch-49-5-Monitor/dp/B012AQIQ48/ref=sr_1_139?dchild=1&keywords=ultrawide+monitors&qid=1621343432&sr=8-139
Dell U-Series 32-Inch Screen LED-Lit Monitor (U3219Q),5.0 out of 5 stars,"99,800",https://www.amazon.com/Dell-32-Inch-LED-Lit-Monitor-U3219Q/dp/B07HDBD9CM/ref=sr_1_140?dchild=1&keywords=ultrawide+monitors&qid=1621343432&sr=8-140
"AOC 24.5-inch LED Gaming Monitor with HDMIx2/VGA Port/Display Port/USB Hub,Full HD, Free Sync, Height Adjustable Stand, 144Hz, 1ms, in-Built Speaker, Wall Mountable - G2590PX (Black)",4.3 out of 5 stars,"17,199",https://www.amazon.com/AOC-G2590PX-Monitor-Adjustable-Response/dp/B07XVM7XHG/ref=sr_1_141?dchild=1&keywords=ultrawide+monitors&qid=1621343432&sr=8-141
"Lenovo D22-20 21.5"" Work & Play Monitor, 1920x1080 FHD TN Panel, LED Backlit, 75Hz 5ms Response time, 1HDMI, 1VGA Port, Audio Out, Tilt Adjust, VESA Mount, TÜV Rheinland Low Blue Light for Eye Care",3.7 out of 5 stars,"8,399",https://www.amazon.com/Lenovo-Monitor-1920x1080-Response-Rheinland/dp/B08GQ4NHYQ/ref=sr_1_142?dchild=1&keywords=ultrawide+monitors&qid=1621343432&sr=8-142
"Acer ProDesigner PE320QK 31.5"" IPS Ultra HD (3840x2160) HDR Xpert Delta E <1 Monitor (USB 3.1 Type-C, Display Port 1.2 & 2 x HDMI 2.0 Ports, USB HUB 3.0 x 4)",3.9 out of 5 stars, ,https://www.amazon.com/Acer-ProDesigner-PE320QK-3840x2160-Monitor/dp/B084VVMNG8/ref=sr_1_143?dchild=1&keywords=ultrawide+monitors&qid=1621343432&sr=8-143
ASUS VP228H 21.5-inch (54 cm) LCD Gaming Monitor with HDMI & DVI Connectivity - 90LM01K0-B01170 (Black),4.3 out of 5 stars,"7,999",https://www.amazon.com/VP228H-21-5-inch-Gaming-Monitor-Connectivity/dp/B016AWBK00/ref=sr_1_144?dchild=1&keywords=ultrawide+monitors&qid=1621343432&sr=8-144
Asus ROG Strix 23.8-inch Full HD 1080p 1ms 240Hz DP HDMI Eye Care Esports Gaming Monitor - XG248Q (Black),3.5 out of 5 stars,"40,199",https://www.amazon.com/Asus-Strix-Esports-Gaming-Monitor/dp/B07GR9VXBF/ref=sr_1_145?dchild=1&keywords=ultrawide+monitors&qid=1621343434&sr=8-145
BenQ Zowie XL2731 27 inch 144Hz Gaming Monitor | 1080p 1ms | Black Equalizer & Color Vibrance for Competitive Edge | Height Adjustable Stand,4.5 out of 5 stars,"25,989",https://www.amazon.com/BenQ-XL2731-Equalizer-Competitive-Adjustable/dp/B07VRYHY5R/ref=sr_1_146?dchild=1&keywords=ultrawide+monitors&qid=1621343434&sr=8-146
"HP 22 inch(54.61 cm) Ultra-Slim Anti Glare Full HD LED Monitor - 3 Side Micro Bezel, IPS Panel with VGA, HDMI Ports - HP 22m Display - 3WL45AA (Black)",4.5 out of 5 stars,"9,024",https://www.amazon.com/HP-21-5-inch-Ultra-Slim-Display-Monitor/dp/B07NX9CGTW/ref=sr_1_147?dchild=1&keywords=ultrawide+monitors&qid=1621343434&sr=8-147
"Acer Nitro XV270P 27"" Full HD IPS Gaming Monitor, 0.5 MS 165 Hz, 250 Nits, 2 X HDMI 1 X Display Ports, Height Adjustment Pivot, Stereo Speakers, AMD Free Sync, Blue Light Shield",4.3 out of 5 stars,"17,990",https://www.amazon.com/Acer-Monitor-Display-Adjustment-Speakers/dp/B08D4L52NW/ref=sr_1_148?dchild=1&keywords=ultrawide+monitors&qid=1621343434&sr=8-148
"LG 21.5"" Full HD (1920 x 1080) IPS Panel Monitor, HDMI & VGA Port, 75 Hz Refresh Rate & AMD Freesync - 22MK430H (Black)",4.2 out of 5 stars,"8,269",https://www.amazon.com/LG-Panel-Monitor-Refresh-Freesync/dp/B07JF8DQZJ/ref=sr_1_149?dchild=1&keywords=ultrawide+monitors&qid=1621343434&sr=8-149
Frontech 19-inch Monitor with buitl in speaker LED with HDMI and VGA FT -1984,2.9 out of 5 stars,"5,149",https://www.amazon.com/Frontech-19-inch-Monitor-LED-HDMI/dp/B07FRQXDZN/ref=sr_1_150?dchild=1&keywords=ultrawide+monitors&qid=1621343434&sr=8-150
"PHILIPS 34.6-inch LED Monitor with VGA Port, HDMI Port, Display Port, Ambiglow, Freesync - 356M6QJAB (Black)",3.0 out of 5 stars,"33,980",https://www.amazon.com/PHILIPS-356M6QJAB-Monitor-Ambiglow-Freesync/dp/B07HDMTB9K/ref=sr_1_151?dchild=1&keywords=ultrawide+monitors&qid=1621343434&sr=8-151
"Dell P Series 21.5"" Screen LED-Lit Monitor Black (P2219H)",4.5 out of 5 stars,"12,699",https://www.amazon.com/Dell-Screen-LED-Lit-Monitor-P2219H/dp/B07F8Z2WFL/ref=sr_1_152?dchild=1&keywords=ultrawide+monitors&qid=1621343434&sr=8-152
"LG Ultragear 27-inch, Nano IPS -True 1 ms, 144 Hz, G-Sync Compatible, HDR 10, QHD Monitor, HDMI x 2,DP, Height Adjust & Pivot Stand - 27GL850 (Black)",4.7 out of 5 stars,"36,499",https://www.amazon.com/LG-Ultragear-27-inch-Compatible-Monitor/dp/B07TD94TQF/ref=sr_1_153?dchild=1&keywords=ultrawide+monitors&qid=1621343434&sr=8-153
"Dell P2219H 22 Inch, FHD(1920 X 1080) Back Lit Professional Monitor (Black)",4.4 out of 5 stars,"12,699",https://www.amazon.com/Dell-P2219H-Professional-Monitor-Black/dp/B07FDHHY55/ref=sr_1_154?dchild=1&keywords=ultrawide+monitors&qid=1621343434&sr=8-154
"HP 27 inch(68.6 cm) Ultra-Thin LED Backlit Computer Monitor - 3 Side Micro Bezel, Full HD, 60 Hz, IPS Panel with VGA, HDMI Ports - HP V27i Display - 9SV93AA",,"16,799",https://www.amazon.com/HP-Ultra-Thin-Backlit-Computer-Monitor/dp/B08R6X8DCK/ref=sr_1_155?dchild=1&keywords=ultrawide+monitors&qid=1621343434&sr=8-155
"Samsung 27 inch (68.6 cm) LED Backlit Computer Monitor - Full HD, Super Slim AH-IPS Panel with VGA, HDMI Ports - LS27F350FHWXXL (Black)",4.2 out of 5 stars,"15,299",https://www.amazon.com/Samsung-inch-68-6-Monitor-LS27F350FHWXXL/dp/B01BCF03KS/ref=sr_1_156?dchild=1&keywords=ultrawide+monitors&qid=1621343434&sr=8-156
"Lenovo 23.6-inch Near Edgeless Monitor with LED Backlit, TN Panel, VGA and HDMI Ports, TUV Certified Eye Comfort, Raven Black (D24-10)",4.1 out of 5 stars,"9,990",https://www.amazon.com/Lenovo-23-6-inch-Gaming-Monitor-Display/dp/B07SKJTQZ2/ref=sr_1_157?dchild=1&keywords=ultrawide+monitors&qid=1621343434&sr=8-157
HP EliteDisplay E223 21.5-inch Full HD Monitor, , ,https://www.amazon.com/EliteDisplay-E223-21-5-inch-Full-Monitor/dp/B075L4VKQF/ref=sr_1_158?dchild=1&keywords=ultrawide+monitors&qid=1621343434&sr=8-158
"LG 27MD5KL-B 27 Inch Ultrafine 5K (5120 x 2880) IPS Display with macOS Compatibility, DCI-P3 99% Color Gamut and Thunderbolt 3 Port, Black",3.5 out of 5 stars,"1,05,000",https://www.amazon.com/LG-27MD5KL-B-Ultrafine-Compatibility-Thunderbolt/dp/B07XV9NQSJ/ref=sr_1_159?dchild=1&keywords=ultrawide+monitors&qid=1621343434&sr=8-159
"Lenovo ThinkVision T22v-10 21.5 inch LED lit VoIP Monitor - FHD, IPS Panel, Near Edgeless with Full range connectivity - HDMI, VGA, DP ports, USB Hub, fully functional stand with Camera, Speaker & Mic",3.4 out of 5 stars,"12,999",https://www.amazon.com/Lenovo-ThinkVision-T22v-10-21-5-Monitor/dp/B08GQ4T6DK/ref=sr_1_160?dchild=1&keywords=ultrawide+monitors&qid=1621343434&sr=8-160
"Lenovo 68.5 cm (27-inch) FHD IPS Panel Near Edgeless Monitor with 16:9 Aspect Ratio, 75Hz, Anti Glare, 4ms, VGA, HDMI, AMD FreeSync, TUV Certified Eye Comfort - L27i-28 (Raven Black)",4.5 out of 5 stars,"15,804",https://www.amazon.com/Lenovo-L27i-28-27inch-FHD-Monitor/dp/B083M6LCXX/ref=sr_1_161?dchild=1&keywords=ultrawide+monitors&qid=1621343437&sr=8-161
Dell 27 LED Backlit LCD Monitor SE2719HR IPS Full HD 1080p 1920 x 1080 at 60 Hz HDMI VGA …,4.2 out of 5 stars, ,https://www.amazon.com/Dell-Backlit-Monitor-SE2719HR-1080p/dp/B07KW6HFD1/ref=sr_1_162?dchild=1&keywords=ultrawide+monitors&qid=1621343437&sr=8-162
"Samsung 24-inch (59.8 cm) Curved Gaming Monitor- Full HD, AMD Free Sync, 144 Hz Refresh Rate- LC24RG50FQWXXL",4.2 out of 5 stars,"14,410",https://www.amazon.com/Samsung-24-inch-54-78cm-Monitor-LC24RG50FQWXXL/dp/B07TVDMX1G/ref=sr_1_163?dchild=1&keywords=ultrawide+monitors&qid=1621343437&sr=8-163
Dell LED 24 Inch Monitor - E2417H,3.6 out of 5 stars,"10,700",https://www.amazon.com/Dell-LED-24-Inch-Monitor/dp/B07N76T3FJ/ref=sr_1_164?dchild=1&keywords=ultrawide+monitors&qid=1621343437&sr=8-164
"Samsung 27-inch (68.4cm) WQHD Curved Gaming Monitor -Quad HD, 144 Hz Refresh Rate- LC27JG54QQWXXL",4.3 out of 5 stars, ,https://www.amazon.com/Samsung-27-inch-Monitor-Refresh-LC27JG54QQWXXL/dp/B07TZNPHCG/ref=sr_1_165?dchild=1&keywords=ultrawide+monitors&qid=1621343437&sr=8-165
"AOC U2879VF 28"" 4K LED Monitor with VGA Port, HDMI Port, Free Sync",4.0 out of 5 stars,"26,124",https://www.amazon.com/AOC-U2879VF-27-Monitor-Definition/dp/B0751C8LV1/ref=sr_1_166?dchild=1&keywords=ultrawide+monitors&qid=1621343437&sr=8-166
"HP X24ih 23.8-inch FHD Gaming Monitor with 350 nits IPS Panel, 144 Hz, Adaptive Sync, 1xHDMI, 1xDP, VESA Mount, Height & Tilt Adjust 13L82AA (Black)",,"17,023",https://www.amazon.com/HP-X24ih-23-8-inch-Gaming-Monitor/dp/B08ZCXZ7F1/ref=sr_1_167?dchild=1&keywords=ultrawide+monitors&qid=1621343437&sr=8-167
"Dell Alienware 25 inch (63.5cm) Full HD Gaming Monitor with HDMI and DP Ports, IPS Panel, 240Hz, 1ms, AMD Free Sync, Tilt, Swivel, Height-Adjustable- AW2518Hf (Black)",4.1 out of 5 stars,"40,999",https://www.amazon.com/Dell-Alienware-25-Gaming-Monitor/dp/B0733YCKM5/ref=sr_1_168?dchild=1&keywords=ultrawide+monitors&qid=1621343437&sr=8-168
ViewSonic XG2530 25-inch Gaming LED Backlit Computer Monitor,4.6 out of 5 stars,"31,799",https://www.amazon.com/ViewSonic-XG2530-25-inch-Gaming-Monitor/dp/B071DTCPP3/ref=sr_1_169?dchild=1&keywords=ultrawide+monitors&qid=1621343437&sr=8-169
"AOC e970swn 18.5-Inch LED-Lit Monitor, 1366 x768 Resolution, 5ms, 20M:1 DCR, VGA, VESA",4.1 out of 5 stars, ,https://www.amazon.com/AOC-e970swn-18-5-Inch-LED-Lit-Resolution/dp/B00GI2UR6Q/ref=sr_1_170?dchild=1&keywords=ultrawide+monitors&qid=1621343437&sr=8-170
LUMI BRATECK Dual Monitor Stand/Dual Monitor Desk Mount/Dual Monitor ARM/ 2 Monitor Stand/Double Monitor Stand,1.0 out of 5 stars, ,https://www.amazon.com/LUMI-ECONOMICAL-Adjustable-ARTICULATING-Capacity/dp/B07YX5ZFHF/ref=sr_1_171?dchild=1&keywords=ultrawide+monitors&qid=1621343437&sr=8-171
LUMI BRATECK Four Monitor Stand for Desk/Four Monitor Tabletop Desk Mount/Quad Monitor ARMS/Quad Monitor Stand,4.5 out of 5 stars,"6,650",https://www.amazon.com/LUMI-ECONOMICAL-Adjustable-ARTICULATING-WEIGHTLOAD/dp/B07YX5617L/ref=sr_1_172?dchild=1&keywords=ultrawide+monitors&qid=1621343437&sr=8-172
LUMI BRATECK Single Monitor Stand with Laptop Tray/Single Monitor Desk Mount with Laptop Mount/Monitor Stand with Laptop Tray,4.1 out of 5 stars,"5,550",https://www.amazon.com/LUMI-ECONOMICAL-ARTICULATING-Monitor-Supports/dp/B07YX4PV79/ref=sr_1_173?dchild=1&keywords=ultrawide+monitors&qid=1621343437&sr=8-173
LUMI BRATECK Quad Monitor Stand/Four Monitor Desk Mount/Quad Monitor ARM/Four Monitor Stand,4.5 out of 5 stars,"6,650",https://www.amazon.com/LUMI-ECONOMICAL-Adjustable-ARTICULATING-Supporting/dp/B07YX5R6RZ/ref=sr_1_174?dchild=1&keywords=ultrawide+monitors&qid=1621343437&sr=8-174
"Dell Alienware 34 inch (86.36cm) Curved WQHD Gaming Monitor with HDMI and DP Ports, IPS Panel, 120Hz, 2ms, NVIDIA G-Sync, Tilt, Swivel, Height-Adjustable - AW3420DW (Black)",5.0 out of 5 stars,"1,34,093",https://www.amazon.com/Dell-Alienware-86-36cm-Monitor-Height-Adjustable/dp/B07XLN881X/ref=sr_1_175?dchild=1&keywords=ultrawide+monitors&qid=1621343437&sr=8-175
"Zebronics 18.5"" LED Monitor, ZEB-19HD LED Comes with VGA & HDMI Input",3.1 out of 5 stars, ,https://www.amazon.com/Zebronics-46-9cm-LED-Monitor-Black/dp/B07S956ZMD/ref=sr_1_176?dchild=1&keywords=ultrawide+monitors&qid=1621343437&sr=8-176
LG Ultrafine 27 Inch 5K (5120 x 2880) IPS Monitor - with Mac OS Compatibility - Thunderbolt 3 Port with 94W Power Delivery - 27MD5KL,5.0 out of 5 stars,"1,11,889",https://www.amazon.com/LG-Ultrafine-Inch-5120-Monitor/dp/B085HGQX9Y/ref=sr_1_177?dchild=1&keywords=ultrawide+monitors&qid=1621343440&sr=8-177
"BenQ 24-inch Eye Care Monitor, IPS Panel with Height Adjustment, Built-in Speakers, HDMI, Display Port, Eye-Care Technology - GW2480T (Black)",4.7 out of 5 stars, ,https://www.amazon.com/BenQ-GW2480-Monitor-Flicker-Free-Speakers/dp/B072XCZSSW/ref=sr_1_178?dchild=1&keywords=ultrawide+monitors&qid=1621343440&sr=8-178
LG 32UD59 32-Inch Ultra HD 4K Resolution (3840x2160) LED-Lit Monitor with Sync,3.8 out of 5 stars, ,https://www.amazon.com/32-Inch-UHD-LED-Lit-Monitor-Sync/dp/B0748KJY4Q/ref=sr_1_179?dchild=1&keywords=ultrawide+monitors&qid=1621343440&sr=8-179
"LG 19 inch HD Ready Monitor, TN Panel with VGA, HDMI Ports - 19M38HB (Black)",4.1 out of 5 stars,"6,999",https://www.amazon.com/LG-inch-46-99-LED-Monitor/dp/B06VX4VQCP/ref=sr_1_180?dchild=1&keywords=ultrawide+monitors&qid=1621343440&sr=8-180
Asus ROG Strix 32-inch Curved Gaming Monitor WQHD 1920 x 1080 Pixels - 2560 x1440 144Hz SRGB - XG32VQ (Black),4.8 out of 5 stars,"55,299",https://www.amazon.com/Asus-XG32VQ-Curved-Gaming-Monitor/dp/B07DWH1XFV/ref=sr_1_181?dchild=1&keywords=ultrawide+monitors&qid=1621343440&sr=8-181
"Lenovo 27-inch FHD Near Edgeless Monitor with IPS Panel, 75hz, 4ms, 250 nits Brightness, TUV Certified Eye Comfort - D27-20 (Black)",4.1 out of 5 stars, ,https://www.amazon.com/Lenovo-D27-20-Monitor-Response-Brightness/dp/B083M6LCXV/ref=sr_1_182?dchild=1&keywords=ultrawide+monitors&qid=1621343440&sr=8-182
"Asus TUF Gaming VG27AQ 27” Monitor, 1440P WQHD (2560 x 1440), IPS, 165Hz (Supports 144Hz), G-SYNC Compatible, 1ms, Extreme Low Motion Blur Sync, Eye Care, DisplayPort HDMI",4.1 out of 5 stars,"33,699",https://www.amazon.com/VG27AQ-Monitor-Supports-Compatible-DisplayPort/dp/B07XVCG4B9/ref=sr_1_183?dchild=1&keywords=ultrawide+monitors&qid=1621343440&sr=8-183
(Renewed) BenQ BL2420PT (23.8 inch) 2K QHD Resolution IPS Designer Monitor with sRGB for Photo Editing,2.8 out of 5 stars,"16,792",https://www.amazon.com/Renewed-BenQ-BL2420PT-Resolution-Designer/dp/B07PNBK7Q2/ref=sr_1_184?dchild=1&keywords=ultrawide+monitors&qid=1621343440&sr=8-184
"Acer ET322QK 31.5 inch 4K UHD VA Panel LED Backlit Computer Monitor - 3840x2160 Resolution 300 Nits 4MS 2 X HDMI DP Port 2W, 2 Speakers",3.6 out of 5 stars,"33,000",https://www.amazon.com/Acer-ET322QK-Backlit-Computer-Monitor/dp/B07K35QGQK/ref=sr_1_185?dchild=1&keywords=ultrawide+monitors&qid=1621343440&sr=8-185
"AOC 22inch IPS Ultra Slim Frameless Monitor - FUll HD, VGA, HDMI, Low Blue Mode, VESA Mount, 22B1HS 3 Yr Warranty",4.6 out of 5 stars,"9,900",https://www.amazon.com/AOC-inch-IPS-Full-Monitor/dp/B07DH71M6W/ref=sr_1_186?dchild=1&keywords=ultrawide+monitors&qid=1621343440&sr=8-186
Acer Nitro VG270P IPS 27 inch Gaming Monitor - 1 MS - 144 Hz - Full HD Resolution - 400 Nits - 2XHDMI 1X Display Port - Free Sync - VG270P (Black),4.3 out of 5 stars,"16,499",https://www.amazon.com/Acer-Nitro-VG270P-Gaming-Monitor/dp/B07VZ5TWVV/ref=sr_1_187?dchild=1&keywords=ultrawide+monitors&qid=1621343440&sr=8-187
"Dell 24 inch (60.96 cm) Ultra Thin Bezel LED Backlit Computer Monitor - WUXGA, IPS Panel with, HDMI, Display, USB, Audio Out Ports - U2415 (Black/Silver)",4.5 out of 5 stars,"19,500",https://www.amazon.com/Dell-60-96-Ultra-Bezel-Monitor/dp/B00NZTKOQI/ref=sr_1_188?dchild=1&keywords=ultrawide+monitors&qid=1621343440&sr=8-188
HP EliteDisplay E223 21.5-inch IPS Full HD Monitor with VGA (Black),4.4 out of 5 stars,"14,999",https://www.amazon.com/HP-EliteDisplay-E223-21-5-inch-Monitor/dp/B07C67TQ8P/ref=sr_1_189?dchild=1&keywords=ultrawide+monitors&qid=1621343440&sr=8-189
"PHILIPS 246E9QJAB/94 23.8"" IPS Panel, LED Monitor 3W x 2 Speaker, HDMI & VGA Connectivity, FHD, Ultra Narrow Border, 5 ms Response time, Energy Star 7.0, TCO Certified Flicker Free, VESA Mount",4.4 out of 5 stars,"11,790",https://www.amazon.com/PHILIPS-246E9QJAB-23-8-Monitor-Display/dp/B07F4972TQ/ref=sr_1_190?dchild=1&keywords=ultrawide+monitors&qid=1621343440&sr=8-190
"LG 19-inch (47 cm) HD Ready Monitor, TN Panel with VGA Port - 19M38AB (Black)",4.0 out of 5 stars,"6,999",https://www.amazon.com/LG-19M38A-B-46-99-18-5-Monitor/dp/B01J5VUGDU/ref=sr_1_191?dchild=1&keywords=ultrawide+monitors&qid=1621343440&sr=8-191
Acer 21.5 inch (54.61 cm) LCD Gaming Monitor - Full HD - KG221Q bmix (Black),4.0 out of 5 stars,"9,900",https://www.amazon.com/Acer-21-5-54-61-Gaming-Monitor/dp/B07ML3YD3J/ref=sr_1_192?dchild=1&keywords=ultrawide+monitors&qid=1621343440&sr=8-192
Acer Predator XB281HK 28-inch 4K NVIDIA LCD Monitor (Black),3.4 out of 5 stars, ,https://www.amazon.com/Acer-Predator-XB281HK-28-inch-Monitor/dp/B07FW6QWJF/ref=sr_1_193?dchild=1&keywords=ultrawide+monitors&qid=1621343443&sr=8-193
"Dell Professional Series P2419HC 23.8"" Monitor with USB -C ( P2419HC )",4.6 out of 5 stars, ,https://www.amazon.com/Dell-P2419H-23-8-LED-Monitor/dp/B07GBY2M8V/ref=sr_1_194?dchild=1&keywords=ultrawide+monitors&qid=1621343443&sr=8-194
"AOC 22B2H 21.5"" Ultra Slim Monitor which is 3 Sided Frameless with VA Panel HDMI/VGA Port,Full HD,Free Sync,6.5 Ms Response Time,75Hz Refresh Rate, Adjustable Stand,VESA Mount Support,Flicker Free",4.1 out of 5 stars,"8,489",https://www.amazon.com/AOC-22B2H-Frameless-Response-Adjustable/dp/B089NVV5RX/ref=sr_1_195?dchild=1&keywords=ultrawide+monitors&qid=1621343443&sr=8-195
"AOC 23.6-inch Curved Gaming LED Monitor with VGA Port, HDMI*2 Port, Display Port, 144Hz Refresh Rate - C24G1",4.2 out of 5 stars,"16,485",https://www.amazon.com/AOC-C24G1-Monitor-1920x1080-FreeSync/dp/B07GD7H18F/ref=sr_1_196?dchild=1&keywords=ultrawide+monitors&qid=1621343443&sr=8-196
LG Full HD 22 Inch IPS Monitor - Dual HDMI & VGA Port - Reader Mode and Flicker Free Screen (Work & Education) - 22MN430M,4.1 out of 5 stars, ,https://www.amazon.com/LG-Full-Inch-IPS-Monitor/dp/B08CF2TL7N/ref=sr_1_197?dchild=1&keywords=ultrawide+monitors&qid=1621343443&sr=8-197
"Frontech JIL 198517""inch LED Backlit Computer Monitor HDMI and VGA Support",3.3 out of 5 stars,"3,899",https://www.amazon.com/Frontech-198517-inch-Monitor-Support/dp/B07FTPG2T3/ref=sr_1_198?dchild=1&keywords=ultrawide+monitors&qid=1621343443&sr=8-198
Asus VZ229H 21.5-inch (54.61 cm) Wide Screen Monitor - 90LM02PC-B01670 (Black),4.1 out of 5 stars,"9,000",https://www.amazon.com/Asus-VZ229H-21-5-inch-Screen-Monitor/dp/B01L989SQ8/ref=sr_1_199?dchild=1&keywords=ultrawide+monitors&qid=1621343443&sr=8-199
Alienware 34 Curved Gaming Monitor - AW3420DW,4.7 out of 5 stars,"1,33,000",https://www.amazon.com/Alienware-34-Curved-Gaming-Monitor/dp/B07YLGH9Q5/ref=sr_1_200?dchild=1&keywords=ultrawide+monitors&qid=1621343443&sr=8-200
"PHILIPS 21.5-inch LCD Monitor with LED Backlight with VGA Port, HDMI Port - 226E9QHAB (Black)",4.7 out of 5 stars,"9,733.",https://www.amazon.com/PHILIPS-226E9QHAB-21-5-Monitor-Backlight/dp/B07HDMCF1B/ref=sr_1_201?dchild=1&keywords=ultrawide+monitors&qid=1621343443&sr=8-201
AOC I2790PQU/BT 27-Inch Widescreen IPS LED Multimedia Monitor USB 3.0,4.5 out of 5 stars,"19,999",https://www.amazon.com/AOC-I2790PQU-BT-Widescreen-Multimedia/dp/B06ZY72P5R/ref=sr_1_202?dchild=1&keywords=ultrawide+monitors&qid=1621343443&sr=8-202
"Acer RT240Y 23.8'' Full HD ZeroFrame IPS LED Monitor - (HDMI, VGA & DVI Ports) Stereo Speakers with Eye Care Features & Suitable for Work & Study from Home",4.1 out of 5 stars,"9,455",https://www.amazon.com/Acer-RT240Y-23-8-ZeroFrame-Monitor/dp/B07Y7L5BRP/ref=sr_1_203?dchild=1&keywords=ultrawide+monitors&qid=1621343443&sr=8-203
"BenQ Zowie RL2755 27 Inch Full HD (1080p) Gaming Monitor - 1ms Response Time, for PC and Console Gaming, Competitive Esports Gaming, Black Equalizer, Color Vibrance, Dual HDMI",4.6 out of 5 stars, ,https://www.amazon.com/BenQ-RL2755-27-Inch-68-58cm-Sports/dp/B01H5KKQUQ/ref=sr_1_204?dchild=1&keywords=ultrawide+monitors&qid=1621343443&sr=8-204
Acer Aopen 21.5 inch Full HD 1920 X 1080 Resolution Backlit LED LCD Monitor - 200nits Brightness -HDMI and VGA Port - 22CH1Q,3.7 out of 5 stars, ,https://www.amazon.com/Acer-Aopen-22CH1Q-21-5-inch-Monitor/dp/B07QPTQLFY/ref=sr_1_205?dchild=1&keywords=ultrawide+monitors&qid=1621343443&sr=8-205
"Samsung LC27H711 QHD 2560x1440 Curve Monitor HDMI, Game Mode",4.1 out of 5 stars, ,https://www.amazon.com/Samsung-LC27H711-2560x1440-Curve-Monitor/dp/B06XT5BL3M/ref=sr_1_206?dchild=1&keywords=ultrawide+monitors&qid=1621343443&sr=8-206
"ViewSonic VX2458-C-MHD (24 Inch)  Full HD LED 1080p, 1ms, Curved Gaming Monitor, HDMI & DP, Refresh Rate 144Hz, Eye Care, Flicker-Free and Blue Light Filter",4.5 out of 5 stars,"13,990",https://www.amazon.com/ViewSonic-VX2458-C-MHD-Response-Technology-Coverage3/dp/B07H5GNR18/ref=sr_1_207?dchild=1&keywords=ultrawide+monitors&qid=1621343443&sr=8-207
"BenQ 24.1 inch Color Accuracy Photography Monitor, Professional Display, 1920x1200, IPS, 99% Adobe RGB, Accurate Hardware - SW240 (Black)",4.5 out of 5 stars,"29,863",https://www.amazon.com/BenQ-61-214-Gaming-Monitor-SW240-Black/dp/B07BYXQXBZ/ref=sr_1_208?dchild=1&keywords=ultrawide+monitors&qid=1621343443&sr=8-208
"Samsung LC27FG73FQMXZN CFG73 Series 27"" Curved Gaming Monitor Dark Blue Black", , ,https://www.amazon.com/Samsung-LC27FG73FQMXZN-Curved-Gaming-Monitor/dp/B071GRBWG6/ref=sr_1_209?dchild=1&keywords=ultrawide+monitors&qid=1621343446&sr=8-209
"LG 27MK600M-B 27"" Full HD IPS Monitor with Radeon FreeSync Technology and Virtually Borderless Design",3.7 out of 5 stars, ,https://www.amazon.com/LG-27MK600M-B-Technology-Virtually-Borderless/dp/B07FFC14SZ/ref=sr_1_210?dchild=1&keywords=ultrawide+monitors&qid=1621343446&sr=8-210
Lumi Brateck Dual Monitor Stand/Dual Monitor Desk Mount/Dual Monitor Arm/Dual Monitor Mount,4.6 out of 5 stars,"3,250",https://www.amazon.com/Lumi-Brateck-Monitor-Stand-Mount/dp/B08BK2HS9Q/ref=sr_1_211?dchild=1&keywords=ultrawide+monitors&qid=1621343446&sr=8-211
Acer K222HQL 21.5-Inch Full HD LED Backlit Computer Monitor,4.0 out of 5 stars, ,https://www.amazon.com/ACER-K222HQL-21-5-inch-Full-Monitor/dp/B00SJ3UAPU/ref=sr_1_212?dchild=1&keywords=ultrawide+monitors&qid=1621343446&sr=8-212
"Lenovo 31.5-inch QHD Near Edgeless Monitor with IPS Panel, 75Hz, 250 Nits, 4ms, AMD FreeSync, TUV Certified Eye Comfort - D32q-20 (Raven Black)",4.3 out of 5 stars,"19,749",https://www.amazon.com/Lenovo-D32q-20-Monitor-Response-FreeSync/dp/B083M6W4R4/ref=sr_1_213?dchild=1&keywords=ultrawide+monitors&qid=1621343446&sr=8-213
ENTER 18.5 inch HD LED Backlit Monitor with HDMI & VGA (E-M0-A03), , ,https://www.amazon.com/ENTER-18-5-Backlit-Monitor-M0-A03/dp/B08WKKR11D/ref=sr_1_214?dchild=1&keywords=ultrawide+monitors&qid=1621343446&sr=8-214
Acer KG281K bmiipx 28-inch Ultra HD (3840 x 2160) Monitor with AMD FREESYNC Technology (HDMI and Display Ports),4.5 out of 5 stars,"27,000",https://www.amazon.com/Acer-KG281K-28-inch-Freesync-Technology/dp/B0756P63YV/ref=sr_1_215?dchild=1&keywords=ultrawide+monitors&qid=1621343446&sr=8-215
"HP 20kh HD 19.5-inch Computer Monitor with VGA and HDMI Ports, 1600 x 900 Resolution (3WK96AA)",5.0 out of 5 stars, ,https://www.amazon.com/HP-20kh-19-5-inch-Computer-Resolution/dp/B0839H68BK/ref=sr_1_216?dchild=1&keywords=ultrawide+monitors&qid=1621343446&sr=8-216
"AOC 22B1HS 21.5"" (54.6 cm) Full HD LCD Monitor with LED Backlight with HDMI/VGA Port, Black",3.6 out of 5 stars,"8,590",https://www.amazon.com/AOC-22B1HS-withHDMI-Mountable-Borderless/dp/B07WYFVGBD/ref=sr_1_217?dchild=1&keywords=ultrawide+monitors&qid=1621343446&sr=8-217
Samsung LS27H850QFUXEN WQHD 27-inch Monitor (Black),2.5 out of 5 stars, ,https://www.amazon.com/Samsung-LS27H850QFUXEN-27-inch-Monitor-Black/dp/B06XXPJXZ9/ref=sr_1_218?dchild=1&keywords=ultrawide+monitors&qid=1621343446&sr=8-218
"AOC 24B2XH 23.8"" Ultra Slim Monitor which is 3 Sided Frameless with IPS Panel HDMI/VGA Port, Full HD, Free Sync, 8 ms Response Time, 75Hz Refresh Rate, VESA Mount Support Flicker Free",4.4 out of 5 stars,"9,100",https://www.amazon.com/AOC-24B2XH-Monitor-Frameless-Response/dp/B084D49PQR/ref=sr_1_219?dchild=1&keywords=ultrawide+monitors&qid=1621343446&sr=8-219
Samsung 27-inch Full HD Curved Gaming Monitor with 2 HDMI and 1 Display Port - LC27FG73FQWXXL (Dark Blue and Black),4.1 out of 5 stars,"24,999",https://www.amazon.com/Samsung-LC27FG73FQWXXL-27-inch-Curved-Monitor/dp/B07L57BMBR/ref=sr_1_220?dchild=1&keywords=ultrawide+monitors&qid=1621343446&sr=8-220
"AOC 24B1XHS 23.8"" LCD Monitor withHDMI/VGA Port, Full HD, Wall Mountable, 3 Side Borderless",4.2 out of 5 stars,"9,199",https://www.amazon.com/AOC-24B1XH-Backlit-Computer-Monitor/dp/B07D1GXCKG/ref=sr_1_221?dchild=1&keywords=ultrawide+monitors&qid=1621343446&sr=8-221
"Samsung 54.6 cm (21.5 inch) LED Bezel Less Computer Monitor - Full HD, Super Slim AH-IPS Panel - LS22R350FHWXXL",4.4 out of 5 stars, ,https://www.amazon.com/Samsung-21-5-Bezel-Computer-Monitor/dp/B08759387K/ref=sr_1_222?dchild=1&keywords=ultrawide+monitors&qid=1621343446&sr=8-222
"Frontech 18.5 inch (47 cm) LED Monitor with VGA,HDMI Ports FT-1988",2.2 out of 5 stars,"5,700",https://www.amazon.com/Frontech-18-5-Monitor-Ports-FT-1988/dp/B07XY1KY5B/ref=sr_1_223?dchild=1&keywords=ultrawide+monitors&qid=1621343446&sr=8-223
"Dell 27"""" UltraSharp 4K Monitor",4.4 out of 5 stars, ,https://www.amazon.com/Dell-27-UltraSharp-4K-Monitor/dp/B073VYVX5S/ref=sr_1_224?dchild=1&keywords=ultrawide+monitors&qid=1621343446&sr=8-224
"Samsung 24 inch (60.4 cm) QLED Backlit Computer Monitor - WQHD, AH-IPS Panel with HDMI, USB (Hub & Type C), DP, Audio Ports - LS24H850QFUXEN (Black)",3.4 out of 5 stars,"28,300",https://www.amazon.com/Samsung-inch-60-4-QLED-Monitor/dp/B071YQ8QP1/ref=sr_1_225?dchild=1&keywords=ultrawide+monitors&qid=1621343448&sr=8-225
LUMI BRATECK Dual Monitor Vertical Stand/Dual Monitor Vertical Desk Mount/Dual Monitor Vertical Tabletop ARM/Vertical Stand,4.5 out of 5 stars,"4,950",https://www.amazon.com/LUMI-Vertical-ECONOMICAL-Adjustable-ARTICULATING/dp/B07YX687TY/ref=sr_1_226?dchild=1&keywords=ultrawide+monitors&qid=1621343448&sr=8-226
LUMI BRATECK Single Monitor Stand India/Single Monitor Desk Mount/Single Monitor Tabletop ARM/Tabletop LCD Stand,4.6 out of 5 stars,"3,550",https://www.amazon.com/LUMI-ECONOMICAL-ARTICULATING-Adjustable-Capacity/dp/B07YX55HGG/ref=sr_1_227?dchild=1&keywords=ultrawide+monitors&qid=1621343448&sr=8-227
"LG 19-inch (47 cm) HD Ready Office Monitor, TN Panel with VGA, HDMI Ports - 19M38HB (Black)",4.1 out of 5 stars, ,https://www.amazon.com/LG-18-5-inch-LED-Monitor/dp/B01JG1RT2U/ref=sr_1_228?dchild=1&keywords=ultrawide+monitors&qid=1621343448&sr=8-228
"AOC 24.5 inch LED Gaming Monitor with HDMIx2 /VGA Port/Display Port, Full HD, Free Sync, 75Hz, 1ms, in-Built Speaker, Wall Mountable - G2590VXQ (Black)",4.3 out of 5 stars,"13,399",https://www.amazon.com/AOC-G2590VXQ-Widescreen-Multimedia-DisplayPort/dp/B078S36XWV/ref=sr_1_229?dchild=1&keywords=ultrawide+monitors&qid=1621343448&sr=8-229
"Consistent 15.1"" Inch Monitor LED (CTM 1505) Ultra-Slim Computer Monitor - Without HDMI",1.0 out of 5 stars,"3,099",https://www.amazon.com/Consistent-15-1-Monitor-Ultra-Slim-Computer/dp/B08KG2MHYK/ref=sr_1_230?dchild=1&keywords=ultrawide+monitors&qid=1621343448&sr=8-230
LG 24-inch (60.96 cm) Full HD IPS Monitor - 24MK600M (White),4.1 out of 5 stars,"13,900",https://www.amazon.com/LG-24MK600M-Full-IPS-Monitor/dp/B07K43VXHR/ref=sr_1_231?dchild=1&keywords=ultrawide+monitors&qid=1621343448&sr=8-231
"Lenovo 54.6 cm (21.5 inch) Near Edgeless Monitor with LED Display, VA Panel, AMD Free Synch, HDMI and VGA inputs, TUV Certified Eye Comfort - L22e-20 (Raven Black)",4.4 out of 5 stars,"8,290",https://www.amazon.com/Lenovo-L22e-20-Monitor-Display-inputs/dp/B07SGDWMCG/ref=sr_1_232?dchild=1&keywords=ultrawide+monitors&qid=1621343448&sr=8-232
"FRONTECH LED Monitor with Speaker 21.5"" HDMI FT-1991", , ,https://www.amazon.com/FRONTECH-Monitor-Speaker-21-5-FT-1991/dp/B085357DVR/ref=sr_1_233?dchild=1&keywords=ultrawide+monitors&qid=1621343448&sr=8-233
"AOC 23.8-inch LED Monitor with VGA Port, HDMI Port, Display Port - 24E1Q (Black)",4.1 out of 5 stars,"10,020",https://www.amazon.com/AOC-24E1Q-1920x1080-FlickerFree-DisplayPort/dp/B07LBNCW6Y/ref=sr_1_234?dchild=1&keywords=ultrawide+monitors&qid=1621343448&sr=8-234
"LG 27UL850-W 27 Inch UHD (3840 x 2160) IPS Display with VESA DisplayHDR 400 and USB Type-C Connectivity, White",4.6 out of 5 stars,"45,890",https://www.amazon.com/LG-27UL850-W-Display-DisplayHDR-Connectivity/dp/B07MKT1W65/ref=sr_1_235?dchild=1&keywords=ultrawide+monitors&qid=1621343448&sr=8-235
"LG 24 inch (60.45 cm) Gaming 4K UHD LED Monitor - 4K UHD, IPS Panel with HDMI, Display, Audio Out, Heaphone Ports - 24UD58 (Black)",4.1 out of 5 stars,"27,099",https://www.amazon.com/LG-inch-60-45-Gaming-Monitor/dp/B06Y143T4D/ref=sr_1_236?dchild=1&keywords=ultrawide+monitors&qid=1621343448&sr=8-236
"PHILIPS 245C7QJSB 23.8"" LCD Monitor with LED Backlight with VGA Port, HDMI Port, Display Port",4.1 out of 5 stars,"14,099",https://www.amazon.com/PHILIPS-245C7QJSB-Monitor-Backlight-Display/dp/B01MXSJZGB/ref=sr_1_237?dchild=1&keywords=ultrawide+monitors&qid=1621343448&sr=8-237
Acer KA220HQ 21.5-inch LCD Monitor,3.9 out of 5 stars,"8,600",https://www.amazon.com/Acer-KA220HQ-21-5-inch-LED-Monitor/dp/B01HCV6BUM/ref=sr_1_238?dchild=1&keywords=ultrawide+monitors&qid=1621343448&sr=8-238
"Zebronics 24 inch (60.4 cm) LED Monitor with Full HD Display, HDMI and VGA Port, built in Speaker, Slim Bezel, Metal Stand and Wall Mountable - Zeb-A24FHD LED",3.9 out of 5 stars,"11,298",https://www.amazon.com/Zebronics-23-8inch-60-4cm-LED-Monitor/dp/B07S2C5S3V/ref=sr_1_239?dchild=1&keywords=ultrawide+monitors&qid=1621343448&sr=8-239
"Samsung 23.5 inch (59.8 cm) LED Backlit Computer Monitor - HD Ready, VA Panel with HDMI, USB, Component, RF, Audio Ports with inbuilt Speakers - LT24E310AR/XL (Black)",3.5 out of 5 stars, ,https://www.amazon.com/Samsung-23-5-inch-59-8-Monitor/dp/B01LVVZ18M/ref=sr_1_240?dchild=1&keywords=ultrawide+monitors&qid=1621343448&sr=8-240
"Acer 19.5-inch (49.53 cm) HD LED Backlit Computer Monitor with HDMI, VGA Ports and Stereo Speakers - V206HQL (Black)",4.0 out of 5 stars,"8,690",https://www.amazon.com/Acer-19-5-inch-49-53-Monitor/dp/B078D6JFFW/ref=sr_1_241?dchild=1&keywords=ultrawide+monitors&qid=1621343451&sr=8-241
ViewSonic 32 Inches 1080p Frameless Widescreen IPS Monitor HDMI Display Port,4.7 out of 5 stars, ,https://www.amazon.com/ViewSonic-VX3276-MHD-Frameless-Widescreen-DisplayPort/dp/B0787WGCXT/ref=sr_1_242?dchild=1&keywords=ultrawide+monitors&qid=1621343451&sr=8-242
"Asus 24-inch (60.96 cm) LED Backlit Computer Gaming Monitor with 3D Vision Ready Eye Care, Built-in 2W Stereo Speakers - VG248QE (Black)",4.1 out of 5 stars,"18,499",https://www.amazon.com/Asus-VG248QE-Monitor-response-Refresh/dp/B00B2HH7G0/ref=sr_1_243?dchild=1&keywords=ultrawide+monitors&qid=1621343451&sr=8-243
"PHILIPS 21.5-inch LCD Monitor with LED Backlight with VGA Port, HDMI Port - 223V7QHAB (Black)",4.4 out of 5 stars,"9,900",https://www.amazon.com/PHILIPS-223V7QHAB-21-5-Monitor-Port/dp/B071XRTJLR/ref=sr_1_244?dchild=1&keywords=ultrawide+monitors&qid=1621343451&sr=8-244
Aopen by Acer 18.5-inch LED Monitor with VGA Port - 19CX1Q (Black),3.9 out of 5 stars, ,https://www.amazon.com/Aopen-19CX1Q-18-5-inch-Monitor-Black/dp/B07PN5TKQJ/ref=sr_1_245?dchild=1&keywords=ultrawide+monitors&qid=1621343451&sr=8-245
LG 27MD5KA-B with 5K resolution,2.7 out of 5 stars, ,https://www.amazon.com/LG-27MD5KA-B-with-5K-resolution/dp/B07QM726T1/ref=sr_1_246?dchild=1&keywords=ultrawide+monitors&qid=1621343451&sr=8-246
Acer Nitro IPS 23.8 inch Full HD 1920 x 1080 1MS VRB 144 Hz Gaming Monitor I 250 Nits I AMD Radeon SYNC Technology I 2 X HDMI 1 X Display Port I HDR 10 Ready I VG240YP (Black),4.3 out of 5 stars,"16,290",https://www.amazon.com/Acer-144hz-Variant-Monitor-Technology/dp/B07WLW8QWN/ref=sr_1_247?dchild=1&keywords=ultrawide+monitors&qid=1621343451&sr=8-247
"Acer 23.8-inch Full HD LED Backlit Computer Monitor with IPS Panel, VGA + HDMI Port, Stereo Speakers, Zero Frame Design - ET241Y (Black)",4.0 out of 5 stars,"13,499",https://www.amazon.com/Acer-ET241Y-Backlit-Computer-Monitor/dp/B081FLZ239/ref=sr_1_248?dchild=1&keywords=ultrawide+monitors&qid=1621343451&sr=8-248
AOC 18.5-inch (46.99 cm) LED Backlit Computer Monitor with 1366 x 768 Resolution - E970SWN (Black),4.0 out of 5 stars, ,https://www.amazon.com/AOC-18-5Inch-E970SWNL-Monitor-black/dp/B00CMSIEJC/ref=sr_1_249?dchild=1&keywords=ultrawide+monitors&qid=1621343451&sr=8-249
"AOC E2270SWHN 21.5"" LED Monitor with HDMI/VGA Port, Full HD, Wall Mountable",3.9 out of 5 stars,"8,500",https://www.amazon.com/AOC-E2270swhn-1920x1080-Monitor-Energystar/dp/B06X9N4DYQ/ref=sr_1_250?dchild=1&keywords=ultrawide+monitors&qid=1621343451&sr=8-250
"Lenovo 25-inch FHD Gaming Near Edgeless Monitor, 144Hz, 1ms, 400 Nits Brightness, AMD FreeSync, TUV Certified Eye Comfort - G25-10 (Raven Black)",4.0 out of 5 stars,"13,999",https://www.amazon.com/Lenovo-G25-10-Response-Brightness-FreeSync/dp/B083M7BGVX/ref=sr_1_251?dchild=1&keywords=ultrawide+monitors&qid=1621343451&sr=8-251
BenQ BL2420PT (23.8 inch) IPS Designer Monitor for Photo Editing,4.5 out of 5 stars, ,https://www.amazon.com/BenQ-BL2420PT-Resolution-Designer-Monitor/dp/B00UAMYTR8/ref=sr_1_252?dchild=1&keywords=ultrawide+monitors&qid=1621343451&sr=8-252
"Samsung 28 inch (70.8 cm) LED Backlit Computer Monitor - Ultra HD, TN Panel with HDMI, DP and Audio Ports - LU28E590DS/XL (Black & Silver)",4.5 out of 5 stars,"24,974",https://www.amazon.com/Samsung-inch-70-8-LED-Monitor/dp/B00WUACE4S/ref=sr_1_253?dchild=1&keywords=ultrawide+monitors&qid=1621343451&sr=8-253
"Samsung 23.5 inch (59.8 cm) LED Backlit Computer Monitor - Full HD, Super Slim AH-IPS Panel - LS24F352FHWXXL (Not a TV)",4.2 out of 5 stars, ,https://www.amazon.com/Samsung-23-5-Backlit-Computer-Monitor/dp/B07V1J5DV6/ref=sr_1_254?dchild=1&keywords=ultrawide+monitors&qid=1621343451&sr=8-254
"ViewSonic 24-inch (60.96 cm) Full HD Gaming Monitor with TN Panel, HDMI, DisplayPort, VGA - XG2401 (Black)",4.5 out of 5 stars, ,https://www.amazon.com/ViewSonic-XG2401-24-inch-Gaming-Monitor/dp/B01A0ZRR50/ref=sr_1_255?dchild=1&keywords=ultrawide+monitors&qid=1621343451&sr=8-255
"ASUS 15.6-inch Portable Monitor with USB-Powered, Ultra-Slim, Auto-Rotatable - MB168B (Black)",4.5 out of 5 stars,"15,999",https://www.amazon.com/ASUS-MB168B-Portable-monitor-Auto-rotatable/dp/B00FE690DI/ref=sr_1_256?dchild=1&keywords=ultrawide+monitors&qid=1621343451&sr=8-256
"Lenovo Legion Y-Series Y25f-10 24.5-inch FHD Gaming Near Edgeless Monitor, TUV Certified Eye Comfort (Black)",3.8 out of 5 stars,"19,299",https://www.amazon.com/Lenovo-Legion-Y25f-10-24-5-inch-Monitor/dp/B07F3FZQMX/ref=sr_1_257?dchild=1&keywords=ultrawide+monitors&qid=1621343454&sr=8-257
"LG 60.96 cm (24 inch) Gaming Monitor - 1ms, 75Hz, AMD Freesync, Full HD, IPS Panel with VGA, HDMI, Display Port, 24MP59G (Black)",4.3 out of 5 stars,"11,499",https://www.amazon.com/LG-inch-60-96-Gaming-Monitor/dp/B06XDY3SJF/ref=sr_1_258?dchild=1&keywords=ultrawide+monitors&qid=1621343454&sr=8-258
"HP 24y 23.8-inch IPS LED 1920 x 1080 Full HD 8ms Backlit FHD Anti-Glare Computer Monitor with Vesa Mount Port, 1 x HDMI, DVI D-SUB - 1PX48AA (Black)",4.5 out of 5 stars, ,https://www.amazon.com/HP-23-8-inch-Anti-Glare-Anti-Static-Computer/dp/B0762G2B2T/ref=sr_1_259?dchild=1&keywords=ultrawide+monitors&qid=1621343454&sr=8-259
"Acer Nitro XV273K 27"" 4K 3840 X 2160 IPS Gaming Monitor - 1 MS - 144 Hz - 350 Nits HDR 400- USB 3.0 HUB - Height Adjustment Pivot - Stereo Speakers - 2 X HDMI 2 X DP Port with DP & USB 3.0 Cables",4.0 out of 5 stars,"51,499",https://www.amazon.com/Acer-Nitro-XV273K-Gaming-Monitor/dp/B07W8CJ334/ref=sr_1_260?dchild=1&keywords=ultrawide+monitors&qid=1621343454&sr=8-260
"ViewSonic VA2419SH (23.8 Inch) Full HD LED 1080p, IPS Panel, HDMI & VGA, Eye Care, Flicker-Free and Blue Light Filter",4.5 out of 5 stars, ,https://www.amazon.com/ViewSonic-VA2419-Sh-24-inch-Monitor-Black/dp/B06Y46KSN4/ref=sr_1_261?dchild=1&keywords=ultrawide+monitors&qid=1621343454&sr=8-261
"Zebronics ZEB-A22FHD 21.5"" LED Backlit Computer Monitor Full HD with VGA/HDMI Ports (Black)",3.7 out of 5 stars, ,https://www.amazon.com/Zebronics-ZEB-A22FHD-LED-Computer-Monitor/dp/B07P672F6H/ref=sr_1_262?dchild=1&keywords=ultrawide+monitors&qid=1621343454&sr=8-262
Acer XG270HU 27 inch WQHD (2560 x 1440) 1MS 144Hz - 350 Nits - DVI Dual Link Up - HDMI - Display Port - Stereo Speakers - AMD Free Sync,4.3 out of 5 stars,"28,480",https://www.amazon.com/Acer-XG270HU-inch-WQHD-144Hz/dp/B07WYVL22P/ref=sr_1_263?dchild=1&keywords=ultrawide+monitors&qid=1621343454&sr=8-263
HP EliteDisplay E230t 23-inch Touchscreen IPS Full HD Monitor with VGA (Black and Silver),3.8 out of 5 stars, ,https://www.amazon.com/HP-EliteDisplay-E230t-23-inch-Touchscreen/dp/B07C67H2F1/ref=sr_1_264?dchild=1&keywords=ultrawide+monitors&qid=1621343454&sr=8-264
Intex 1901 18.5-inch LED Backlit Computer Monitor,3.5 out of 5 stars, ,https://www.amazon.com/Intex-1901-18-5-inch-LED-Monitor/dp/B01FJNQ7VI/ref=sr_1_265?dchild=1&keywords=ultrawide+monitors&qid=1621343454&sr=8-265
"Acer EB321HQ Awi 32"" Full HD (1920 x 1080) IPS Monitor (HDMI & VGA Port)", , ,https://www.amazon.com/Acer-EB321HQ-Awi-Full-Monitor/dp/B0797M3SVG/ref=sr_1_266?dchild=1&keywords=ultrawide+monitors&qid=1621343454&sr=8-266
"ViewSonic TD2421 23.6-inch LED Backlit Computer Monitor with VGA, Internal Speaker and 2 USB Ports",4.2 out of 5 stars,"23,500",https://www.amazon.com/ViewSonic-TD2421-23-6-inch-Monitor-Internal/dp/B01KEEMS1U/ref=sr_1_267?dchild=1&keywords=ultrawide+monitors&qid=1621343454&sr=8-267
"AOC G2260VWQ6 Gaming 21.5'' LCD Monitor, Black",4.5 out of 5 stars, ,https://www.amazon.com/AOC-G2260VWQ6-Gaming-Monitor-Black/dp/B0158L13M4/ref=sr_1_268?dchild=1&keywords=ultrawide+monitors&qid=1621343454&sr=8-268
3D Monitor 22 Inch,5.0 out of 5 stars, ,https://www.amazon.com/Schneider-Digital-3D-Monitor-Inch/dp/B088NVHNPK/ref=sr_1_269?dchild=1&keywords=ultrawide+monitors&qid=1621343454&sr=8-269
